Product,Region,Year,Production_tons
Qumësht lope,Berat,2004,61414
Qumësht lope,Berat,2005,60945
Qumësht lope,Berat,2006,63893
Qumësht lope,Berat,2007,58996
Qumësht lope,Berat,2008,54918
Qumësht lope,Berat,2009,46491
Qumësht lope,Berat,2010,47104
Qumësht lope,Berat,2011,48428
Qumësht lope,Berat,2012,49047
Qumësht lope,Berat,2013,49047
Qumësht lope,Berat,2014,51384
Qumësht lope,Berat,2015,50749
Qumësht lope,Berat,2016,50970
Qumësht lope,Berat,2017,51079
Qumësht lope,Berat,2018,48050
Qumësht lope,Berat,2019,47909
Qumësht lope,Berat,2020,43191
Qumësht lope,Berat,2021,37424
Qumësht lope,Berat,2022,36324
Qumësht lope,Berat,2023,33399
Qumësht lope,Dibër,2004,64273
Qumësht lope,Dibër,2005,66965
Qumësht lope,Dibër,2006,65896
Qumësht lope,Dibër,2007,58582
Qumësht lope,Dibër,2008,54550
Qumësht lope,Dibër,2009,54951
Qumësht lope,Dibër,2010,56386
Qumësht lope,Dibër,2011,57715
Qumësht lope,Dibër,2012,59072
Qumësht lope,Dibër,2013,59072
Qumësht lope,Dibër,2014,63313
Qumësht lope,Dibër,2015,63461
Qumësht lope,Dibër,2016,63222
Qumësht lope,Dibër,2017,64362
Qumësht lope,Dibër,2018,65895
Qumësht lope,Dibër,2019,64710
Qumësht lope,Dibër,2020,64450
Qumësht lope,Dibër,2021,63786
Qumësht lope,Dibër,2022,61779
Qumësht lope,Dibër,2023,60688
Qumësht lope,Durrës,2004,80840
Qumësht lope,Durrës,2005,78619
Qumësht lope,Durrës,2006,55848
Qumësht lope,Durrës,2007,57649
Qumësht lope,Durrës,2008,63157
Qumësht lope,Durrës,2009,63996
Qumësht lope,Durrës,2010,65341
Qumësht lope,Durrës,2011,67280
Qumësht lope,Durrës,2012,68064
Qumësht lope,Durrës,2013,68189
Qumësht lope,Durrës,2014,70132
Qumësht lope,Durrës,2015,67810
Qumësht lope,Durrës,2016,68513
Qumësht lope,Durrës,2017,68990
Qumësht lope,Durrës,2018,67440
Qumësht lope,Durrës,2019,62574
Qumësht lope,Durrës,2020,62580
Qumësht lope,Durrës,2021,62962
Qumësht lope,Durrës,2022,63857
Qumësht lope,Durrës,2023,47350
Qumësht lope,Elbasan,2004,106734
Qumësht lope,Elbasan,2005,110252
Qumësht lope,Elbasan,2006,115143
Qumësht lope,Elbasan,2007,105923
Qumësht lope,Elbasan,2008,117987
Qumësht lope,Elbasan,2009,115778
Qumësht lope,Elbasan,2010,122548
Qumësht lope,Elbasan,2011,128056
Qumësht lope,Elbasan,2012,128200
Qumësht lope,Elbasan,2013,126859
Qumësht lope,Elbasan,2014,122145
Qumësht lope,Elbasan,2015,120518
Qumësht lope,Elbasan,2016,121676
Qumësht lope,Elbasan,2017,124219
Qumësht lope,Elbasan,2018,121689
Qumësht lope,Elbasan,2019,120821
Qumësht lope,Elbasan,2020,112635
Qumësht lope,Elbasan,2021,95041
Qumësht lope,Elbasan,2022,81589
Qumësht lope,Elbasan,2023,68654
Qumësht lope,Fier,2004,173548
Qumësht lope,Fier,2005,175270
Qumësht lope,Fier,2006,183905
Qumësht lope,Fier,2007,171895
Qumësht lope,Fier,2008,175037
Qumësht lope,Fier,2009,206050
Qumësht lope,Fier,2010,202505
Qumësht lope,Fier,2011,201038
Qumësht lope,Fier,2012,198341
Qumësht lope,Fier,2013,195512
Qumësht lope,Fier,2014,202048
Qumësht lope,Fier,2015,195441
Qumësht lope,Fier,2016,194837
Qumësht lope,Fier,2017,196287
Qumësht lope,Fier,2018,198200
Qumësht lope,Fier,2019,198690
Qumësht lope,Fier,2020,182000
Qumësht lope,Fier,2021,167376
Qumësht lope,Fier,2022,160778
Qumësht lope,Fier,2023,154894
Qumësht lope,Gjirokastër,2004,30308
Qumësht lope,Gjirokastër,2005,30004
Qumësht lope,Gjirokastër,2006,32410
Qumësht lope,Gjirokastër,2007,25922
Qumësht lope,Gjirokastër,2008,25408
Qumësht lope,Gjirokastër,2009,23359
Qumësht lope,Gjirokastër,2010,23226
Qumësht lope,Gjirokastër,2011,23916
Qumësht lope,Gjirokastër,2012,24248
Qumësht lope,Gjirokastër,2013,24074
Qumësht lope,Gjirokastër,2014,24902
Qumësht lope,Gjirokastër,2015,26333
Qumësht lope,Gjirokastër,2016,23527
Qumësht lope,Gjirokastër,2017,21370
Qumësht lope,Gjirokastër,2018,21487
Qumësht lope,Gjirokastër,2019,20674
Qumësht lope,Gjirokastër,2020,16990
Qumësht lope,Gjirokastër,2021,19459
Qumësht lope,Gjirokastër,2022,17721
Qumësht lope,Gjirokastër,2023,17550
Qumësht lope,Korçë,2004,88757
Qumësht lope,Korçë,2005,93342
Qumësht lope,Korçë,2006,97962
Qumësht lope,Korçë,2007,81220
Qumësht lope,Korçë,2008,74008
Qumësht lope,Korçë,2009,75163
Qumësht lope,Korçë,2010,79443
Qumësht lope,Korçë,2011,84065
Qumësht lope,Korçë,2012,84691
Qumësht lope,Korçë,2013,84313
Qumësht lope,Korçë,2014,75928
Qumësht lope,Korçë,2015,84466
Qumësht lope,Korçë,2016,89083
Qumësht lope,Korçë,2017,98642
Qumësht lope,Korçë,2018,97843
Qumësht lope,Korçë,2019,92313
Qumësht lope,Korçë,2020,92125
Qumësht lope,Korçë,2021,93230
Qumësht lope,Korçë,2022,90473
Qumësht lope,Korçë,2023,95267
Qumësht lope,Kukës,2004,45361
Qumësht lope,Kukës,2005,46887
Qumësht lope,Kukës,2006,51633
Qumësht lope,Kukës,2007,35989
Qumësht lope,Kukës,2008,40975
Qumësht lope,Kukës,2009,40984
Qumësht lope,Kukës,2010,48683
Qumësht lope,Kukës,2011,51398
Qumësht lope,Kukës,2012,51967
Qumësht lope,Kukës,2013,51188
Qumësht lope,Kukës,2014,53112
Qumësht lope,Kukës,2015,52735
Qumësht lope,Kukës,2016,50014
Qumësht lope,Kukës,2017,52057
Qumësht lope,Kukës,2018,52423
Qumësht lope,Kukës,2019,41770
Qumësht lope,Kukës,2020,44535
Qumësht lope,Kukës,2021,48960
Qumësht lope,Kukës,2022,48000
Qumësht lope,Kukës,2023,38529
Qumësht lope,Lezhë,2004,47405
Qumësht lope,Lezhë,2005,49383
Qumësht lope,Lezhë,2006,55969
Qumësht lope,Lezhë,2007,52469
Qumësht lope,Lezhë,2008,54325
Qumësht lope,Lezhë,2009,52912
Qumësht lope,Lezhë,2010,53600
Qumësht lope,Lezhë,2011,55443
Qumësht lope,Lezhë,2012,55143
Qumësht lope,Lezhë,2013,55112
Qumësht lope,Lezhë,2014,56031
Qumësht lope,Lezhë,2015,53601
Qumësht lope,Lezhë,2016,54339
Qumësht lope,Lezhë,2017,54796
Qumësht lope,Lezhë,2018,54820
Qumësht lope,Lezhë,2019,54815
Qumësht lope,Lezhë,2020,48987
Qumësht lope,Lezhë,2021,48179
Qumësht lope,Lezhë,2022,48131
Qumësht lope,Lezhë,2023,45357
Qumësht lope,Shkodër,2004,97912
Qumësht lope,Shkodër,2005,96980
Qumësht lope,Shkodër,2006,106504
Qumësht lope,Shkodër,2007,92627
Qumësht lope,Shkodër,2008,96391
Qumësht lope,Shkodër,2009,89765
Qumësht lope,Shkodër,2010,90280
Qumësht lope,Shkodër,2011,91867
Qumësht lope,Shkodër,2012,90679
Qumësht lope,Shkodër,2013,105088
Qumësht lope,Shkodër,2014,87301
Qumësht lope,Shkodër,2015,83142
Qumësht lope,Shkodër,2016,79853
Qumësht lope,Shkodër,2017,80622
Qumësht lope,Shkodër,2018,79054
Qumësht lope,Shkodër,2019,75699
Qumësht lope,Shkodër,2020,65877
Qumësht lope,Shkodër,2021,65518
Qumësht lope,Shkodër,2022,65816
Qumësht lope,Shkodër,2023,66163
Qumësht lope,Tiranë,2004,75351
Qumësht lope,Tiranë,2005,79719
Qumësht lope,Tiranë,2006,85884
Qumësht lope,Tiranë,2007,87779
Qumësht lope,Tiranë,2008,97353
Qumësht lope,Tiranë,2009,97491
Qumësht lope,Tiranë,2010,99458
Qumësht lope,Tiranë,2011,101603
Qumësht lope,Tiranë,2012,103171
Qumësht lope,Tiranë,2013,106753
Qumësht lope,Tiranë,2014,110509
Qumësht lope,Tiranë,2015,113119
Qumësht lope,Tiranë,2016,119408
Qumësht lope,Tiranë,2017,109937
Qumësht lope,Tiranë,2018,106434
Qumësht lope,Tiranë,2019,105861
Qumësht lope,Tiranë,2020,105534
Qumësht lope,Tiranë,2021,105746
Qumësht lope,Tiranë,2022,97649
Qumësht lope,Tiranë,2023,86148
Qumësht lope,Vlorë,2004,44851
Qumësht lope,Vlorë,2005,41484
Qumësht lope,Vlorë,2006,40616
Qumësht lope,Vlorë,2007,38890
Qumësht lope,Vlorë,2008,41204
Qumësht lope,Vlorë,2009,39728
Qumësht lope,Vlorë,2010,41084
Qumësht lope,Vlorë,2011,44463
Qumësht lope,Vlorë,2012,44077
Qumësht lope,Vlorë,2013,43943
Qumësht lope,Vlorë,2014,48197
Qumësht lope,Vlorë,2015,52731
Qumësht lope,Vlorë,2016,59221
Qumësht lope,Vlorë,2017,60150
Qumësht lope,Vlorë,2018,60191
Qumësht lope,Vlorë,2019,60726
Qumësht lope,Vlorë,2020,58445
Qumësht lope,Vlorë,2021,51700
Qumësht lope,Vlorë,2022,52825
Qumësht lope,Vlorë,2023,51349
Qumësht dele,Berat,2004,5617
Qumësht dele,Berat,2005,6153
Qumësht dele,Berat,2006,6067
Qumësht dele,Berat,2007,5942
Qumësht dele,Berat,2008,6194
Qumësht dele,Berat,2009,6028
Qumësht dele,Berat,2010,6255
Qumësht dele,Berat,2011,6300
Qumësht dele,Berat,2012,6325
Qumësht dele,Berat,2013,6675
Qumësht dele,Berat,2014,6659
Qumësht dele,Berat,2015,10640
Qumësht dele,Berat,2016,6751
Qumësht dele,Berat,2017,6823
Qumësht dele,Berat,2018,6835
Qumësht dele,Berat,2019,5709
Qumësht dele,Berat,2020,5360
Qumësht dele,Berat,2021,6241
Qumësht dele,Berat,2022,4822
Qumësht dele,Berat,2023,3648
Qumësht dele,Dibër,2004,5611
Qumësht dele,Dibër,2005,5417
Qumësht dele,Dibër,2006,4937
Qumësht dele,Dibër,2007,4723
Qumësht dele,Dibër,2008,4926
Qumësht dele,Dibër,2009,4750
Qumësht dele,Dibër,2010,5072
Qumësht dele,Dibër,2011,5092
Qumësht dele,Dibër,2012,5211
Qumësht dele,Dibër,2013,5778
Qumësht dele,Dibër,2014,6132
Qumësht dele,Dibër,2015,5377
Qumësht dele,Dibër,2016,5439
Qumësht dele,Dibër,2017,4958
Qumësht dele,Dibër,2018,5000
Qumësht dele,Dibër,2019,5000
Qumësht dele,Dibër,2020,3675
Qumësht dele,Dibër,2021,3686
Qumësht dele,Dibër,2022,3615
Qumësht dele,Dibër,2023,2974
Qumësht dele,Durrës,2004,1323
Qumësht dele,Durrës,2005,1385
Qumësht dele,Durrës,2006,1281
Qumësht dele,Durrës,2007,1868
Qumësht dele,Durrës,2008,2515
Qumësht dele,Durrës,2009,2554
Qumësht dele,Durrës,2010,2580
Qumësht dele,Durrës,2011,3000
Qumësht dele,Durrës,2012,3070
Qumësht dele,Durrës,2013,3573
Qumësht dele,Durrës,2014,3378
Qumësht dele,Durrës,2015,3041
Qumësht dele,Durrës,2016,3300
Qumësht dele,Durrës,2017,3309
Qumësht dele,Durrës,2018,3288
Qumësht dele,Durrës,2019,3060
Qumësht dele,Durrës,2020,3025
Qumësht dele,Durrës,2021,3030
Qumësht dele,Durrës,2022,3071
Qumësht dele,Durrës,2023,3016
Qumësht dele,Elbasan,2004,6040
Qumësht dele,Elbasan,2005,5987
Qumësht dele,Elbasan,2006,5893
Qumësht dele,Elbasan,2007,6334
Qumësht dele,Elbasan,2008,7155
Qumësht dele,Elbasan,2009,7064
Qumësht dele,Elbasan,2010,7209
Qumësht dele,Elbasan,2011,7440
Qumësht dele,Elbasan,2012,7708
Qumësht dele,Elbasan,2013,8137
Qumësht dele,Elbasan,2014,7642
Qumësht dele,Elbasan,2015,7050
Qumësht dele,Elbasan,2016,7195
Qumësht dele,Elbasan,2017,7229
Qumësht dele,Elbasan,2018,7305
Qumësht dele,Elbasan,2019,7323
Qumësht dele,Elbasan,2020,7042
Qumësht dele,Elbasan,2021,6301
Qumësht dele,Elbasan,2022,5318
Qumësht dele,Elbasan,2023,5480
Qumësht dele,Fier,2004,6484
Qumësht dele,Fier,2005,6673
Qumësht dele,Fier,2006,6887
Qumësht dele,Fier,2007,6848
Qumësht dele,Fier,2008,7663
Qumësht dele,Fier,2009,7967
Qumësht dele,Fier,2010,8519
Qumësht dele,Fier,2011,8768
Qumësht dele,Fier,2012,8975
Qumësht dele,Fier,2013,9375
Qumësht dele,Fier,2014,9804
Qumësht dele,Fier,2015,9221
Qumësht dele,Fier,2016,9219
Qumësht dele,Fier,2017,9498
Qumësht dele,Fier,2018,9822
Qumësht dele,Fier,2019,9831
Qumësht dele,Fier,2020,8938
Qumësht dele,Fier,2021,8033
Qumësht dele,Fier,2022,7155
Qumësht dele,Fier,2023,6994
Qumësht dele,Gjirokastër,2004,11862
Qumësht dele,Gjirokastër,2005,11261
Qumësht dele,Gjirokastër,2006,11520
Qumësht dele,Gjirokastër,2007,10765
Qumësht dele,Gjirokastër,2008,10881
Qumësht dele,Gjirokastër,2009,10406
Qumësht dele,Gjirokastër,2010,10325
Qumësht dele,Gjirokastër,2011,10769
Qumësht dele,Gjirokastër,2012,11121
Qumësht dele,Gjirokastër,2013,11255
Qumësht dele,Gjirokastër,2014,12728
Qumësht dele,Gjirokastër,2015,10639
Qumësht dele,Gjirokastër,2016,11651
Qumësht dele,Gjirokastër,2017,11842
Qumësht dele,Gjirokastër,2018,10699
Qumësht dele,Gjirokastër,2019,10550
Qumësht dele,Gjirokastër,2020,8468
Qumësht dele,Gjirokastër,2021,7935
Qumësht dele,Gjirokastër,2022,8253
Qumësht dele,Gjirokastër,2023,8781
Qumësht dele,Korçë,2004,8215
Qumësht dele,Korçë,2005,8123
Qumësht dele,Korçë,2006,9647
Qumësht dele,Korçë,2007,9844
Qumësht dele,Korçë,2008,9573
Qumësht dele,Korçë,2009,9332
Qumësht dele,Korçë,2010,9537
Qumësht dele,Korçë,2011,11277
Qumësht dele,Korçë,2012,11380
Qumësht dele,Korçë,2013,11112
Qumësht dele,Korçë,2014,12464
Qumësht dele,Korçë,2015,11301
Qumësht dele,Korçë,2016,11776
Qumësht dele,Korçë,2017,12137
Qumësht dele,Korçë,2018,11909
Qumësht dele,Korçë,2019,11293
Qumësht dele,Korçë,2020,11305
Qumësht dele,Korçë,2021,11168
Qumësht dele,Korçë,2022,11180
Qumësht dele,Korçë,2023,8667
Qumësht dele,Kukës,2004,4654
Qumësht dele,Kukës,2005,4789
Qumësht dele,Kukës,2006,4669
Qumësht dele,Kukës,2007,4461
Qumësht dele,Kukës,2008,3577
Qumësht dele,Kukës,2009,3191
Qumësht dele,Kukës,2010,3240
Qumësht dele,Kukës,2011,3198
Qumësht dele,Kukës,2012,3376
Qumësht dele,Kukës,2013,3629
Qumësht dele,Kukës,2014,3843
Qumësht dele,Kukës,2015,3225
Qumësht dele,Kukës,2016,3473
Qumësht dele,Kukës,2017,4369
Qumësht dele,Kukës,2018,3074
Qumësht dele,Kukës,2019,2022
Qumësht dele,Kukës,2020,2027
Qumësht dele,Kukës,2021,2235
Qumësht dele,Kukës,2022,2340
Qumësht dele,Kukës,2023,1863
Qumësht dele,Lezhë,2004,1011
Qumësht dele,Lezhë,2005,1144
Qumësht dele,Lezhë,2006,1269
Qumësht dele,Lezhë,2007,1261
Qumësht dele,Lezhë,2008,1412
Qumësht dele,Lezhë,2009,1380
Qumësht dele,Lezhë,2010,1580
Qumësht dele,Lezhë,2011,1621
Qumësht dele,Lezhë,2012,1518
Qumësht dele,Lezhë,2013,1523
Qumësht dele,Lezhë,2014,1471
Qumësht dele,Lezhë,2015,1401
Qumësht dele,Lezhë,2016,1425
Qumësht dele,Lezhë,2017,1386
Qumësht dele,Lezhë,2018,1392
Qumësht dele,Lezhë,2019,1401
Qumësht dele,Lezhë,2020,1368
Qumësht dele,Lezhë,2021,1375
Qumësht dele,Lezhë,2022,1374
Qumësht dele,Lezhë,2023,1361
Qumësht dele,Shkodër,2004,5111
Qumësht dele,Shkodër,2005,5300
Qumësht dele,Shkodër,2006,5119
Qumësht dele,Shkodër,2007,4750
Qumësht dele,Shkodër,2008,4963
Qumësht dele,Shkodër,2009,4717
Qumësht dele,Shkodër,2010,4851
Qumësht dele,Shkodër,2011,4690
Qumësht dele,Shkodër,2012,4640
Qumësht dele,Shkodër,2013,4986
Qumësht dele,Shkodër,2014,4672
Qumësht dele,Shkodër,2015,4458
Qumësht dele,Shkodër,2016,4904
Qumësht dele,Shkodër,2017,4719
Qumësht dele,Shkodër,2018,4404
Qumësht dele,Shkodër,2019,4192
Qumësht dele,Shkodër,2020,3994
Qumësht dele,Shkodër,2021,4008
Qumësht dele,Shkodër,2022,4012
Qumësht dele,Shkodër,2023,3662
Qumësht dele,Tiranë,2004,2885
Qumësht dele,Tiranë,2005,2783
Qumësht dele,Tiranë,2006,2785
Qumësht dele,Tiranë,2007,2859
Qumësht dele,Tiranë,2008,2573
Qumësht dele,Tiranë,2009,2395
Qumësht dele,Tiranë,2010,2542
Qumësht dele,Tiranë,2011,2939
Qumësht dele,Tiranë,2012,3034
Qumësht dele,Tiranë,2013,3333
Qumësht dele,Tiranë,2014,3508
Qumësht dele,Tiranë,2015,3132
Qumësht dele,Tiranë,2016,3313
Qumësht dele,Tiranë,2017,3370
Qumësht dele,Tiranë,2018,3091
Qumësht dele,Tiranë,2019,2771
Qumësht dele,Tiranë,2020,2516
Qumësht dele,Tiranë,2021,2525
Qumësht dele,Tiranë,2022,1752
Qumësht dele,Tiranë,2023,1924
Qumësht dele,Vlorë,2004,16192
Qumësht dele,Vlorë,2005,16213
Qumësht dele,Vlorë,2006,15321
Qumësht dele,Vlorë,2007,15084
Qumësht dele,Vlorë,2008,15554
Qumësht dele,Vlorë,2009,15776
Qumësht dele,Vlorë,2010,15530
Qumësht dele,Vlorë,2011,14119
Qumësht dele,Vlorë,2012,14255
Qumësht dele,Vlorë,2013,14626
Qumësht dele,Vlorë,2014,16700
Qumësht dele,Vlorë,2015,17618
Qumësht dele,Vlorë,2016,17000
Qumësht dele,Vlorë,2017,17287
Qumësht dele,Vlorë,2018,17969
Qumësht dele,Vlorë,2019,18517
Qumësht dele,Vlorë,2020,16931
Qumësht dele,Vlorë,2021,16931
Qumësht dele,Vlorë,2022,16143
Qumësht dele,Vlorë,2023,16123
Qumësht dhie,Berat,2004,6256
Qumësht dhie,Berat,2005,6599
Qumësht dhie,Berat,2006,6951
Qumësht dhie,Berat,2007,7269
Qumësht dhie,Berat,2008,6746
Qumësht dhie,Berat,2009,6458
Qumësht dhie,Berat,2010,6485
Qumësht dhie,Berat,2011,6568
Qumësht dhie,Berat,2012,6400
Qumësht dhie,Berat,2013,6859
Qumësht dhie,Berat,2014,7201
Qumësht dhie,Berat,2015,7711
Qumësht dhie,Berat,2016,8171
Qumësht dhie,Berat,2017,8226
Qumësht dhie,Berat,2018,8275
Qumësht dhie,Berat,2019,6776
Qumësht dhie,Berat,2020,6570
Qumësht dhie,Berat,2021,8155
Qumësht dhie,Berat,2022,7119
Qumësht dhie,Berat,2023,6100
Qumësht dhie,Dibër,2004,7246
Qumësht dhie,Dibër,2005,7036
Qumësht dhie,Dibër,2006,6026
Qumësht dhie,Dibër,2007,4984
Qumësht dhie,Dibër,2008,4773
Qumësht dhie,Dibër,2009,4111
Qumësht dhie,Dibër,2010,4172
Qumësht dhie,Dibër,2011,4240
Qumësht dhie,Dibër,2012,4275
Qumësht dhie,Dibër,2013,4375
Qumësht dhie,Dibër,2014,4954
Qumësht dhie,Dibër,2015,5297
Qumësht dhie,Dibër,2016,5629
Qumësht dhie,Dibër,2017,5694
Qumësht dhie,Dibër,2018,5300
Qumësht dhie,Dibër,2019,5630
Qumësht dhie,Dibër,2020,4320
Qumësht dhie,Dibër,2021,4359
Qumësht dhie,Dibër,2022,4271
Qumësht dhie,Dibër,2023,3138
Qumësht dhie,Durrës,2004,1810
Qumësht dhie,Durrës,2005,1881
Qumësht dhie,Durrës,2006,1714
Qumësht dhie,Durrës,2007,2414
Qumësht dhie,Durrës,2008,2818
Qumësht dhie,Durrës,2009,2922
Qumësht dhie,Durrës,2010,2259
Qumësht dhie,Durrës,2011,2700
Qumësht dhie,Durrës,2012,2783
Qumësht dhie,Durrës,2013,3400
Qumësht dhie,Durrës,2014,3325
Qumësht dhie,Durrës,2015,3201
Qumësht dhie,Durrës,2016,3350
Qumësht dhie,Durrës,2017,3381
Qumësht dhie,Durrës,2018,3395
Qumësht dhie,Durrës,2019,3402
Qumësht dhie,Durrës,2020,3466
Qumësht dhie,Durrës,2021,3501
Qumësht dhie,Durrës,2022,3553
Qumësht dhie,Durrës,2023,3252
Qumësht dhie,Elbasan,2004,10744
Qumësht dhie,Elbasan,2005,10672
Qumësht dhie,Elbasan,2006,11210
Qumësht dhie,Elbasan,2007,12501
Qumësht dhie,Elbasan,2008,11898
Qumësht dhie,Elbasan,2009,11418
Qumësht dhie,Elbasan,2010,12066
Qumësht dhie,Elbasan,2011,12660
Qumësht dhie,Elbasan,2012,12640
Qumësht dhie,Elbasan,2013,14918
Qumësht dhie,Elbasan,2014,12467
Qumësht dhie,Elbasan,2015,12633
Qumësht dhie,Elbasan,2016,12818
Qumësht dhie,Elbasan,2017,13068
Qumësht dhie,Elbasan,2018,12920
Qumësht dhie,Elbasan,2019,13772
Qumësht dhie,Elbasan,2020,12895
Qumësht dhie,Elbasan,2021,11297
Qumësht dhie,Elbasan,2022,9291
Qumësht dhie,Elbasan,2023,9059
Qumësht dhie,Fier,2004,1685
Qumësht dhie,Fier,2005,1836
Qumësht dhie,Fier,2006,2006
Qumësht dhie,Fier,2007,2152
Qumësht dhie,Fier,2008,2069
Qumësht dhie,Fier,2009,2067
Qumësht dhie,Fier,2010,2281
Qumësht dhie,Fier,2011,3248
Qumësht dhie,Fier,2012,3440
Qumësht dhie,Fier,2013,4357
Qumësht dhie,Fier,2014,5311
Qumësht dhie,Fier,2015,4586
Qumësht dhie,Fier,2016,5836
Qumësht dhie,Fier,2017,7100
Qumësht dhie,Fier,2018,7274
Qumësht dhie,Fier,2019,7271
Qumësht dhie,Fier,2020,6439
Qumësht dhie,Fier,2021,6181
Qumësht dhie,Fier,2022,5421
Qumësht dhie,Fier,2023,5026
Qumësht dhie,Gjirokastër,2004,12122
Qumësht dhie,Gjirokastër,2005,11163
Qumësht dhie,Gjirokastër,2006,11542
Qumësht dhie,Gjirokastër,2007,10036
Qumësht dhie,Gjirokastër,2008,8896
Qumësht dhie,Gjirokastër,2009,7565
Qumësht dhie,Gjirokastër,2010,7562
Qumësht dhie,Gjirokastër,2011,7896
Qumësht dhie,Gjirokastër,2012,8452
Qumësht dhie,Gjirokastër,2013,9389
Qumësht dhie,Gjirokastër,2014,9616
Qumësht dhie,Gjirokastër,2015,10060
Qumësht dhie,Gjirokastër,2016,9670
Qumësht dhie,Gjirokastër,2017,9510
Qumësht dhie,Gjirokastër,2018,9485
Qumësht dhie,Gjirokastër,2019,9459
Qumësht dhie,Gjirokastër,2020,7942
Qumësht dhie,Gjirokastër,2021,8103
Qumësht dhie,Gjirokastër,2022,7435
Qumësht dhie,Gjirokastër,2023,8006
Qumësht dhie,Korçë,2004,6474
Qumësht dhie,Korçë,2005,6258
Qumësht dhie,Korçë,2006,6061
Qumësht dhie,Korçë,2007,6819
Qumësht dhie,Korçë,2008,6145
Qumësht dhie,Korçë,2009,6048
Qumësht dhie,Korçë,2010,6332
Qumësht dhie,Korçë,2011,7146
Qumësht dhie,Korçë,2012,7402
Qumësht dhie,Korçë,2013,8513
Qumësht dhie,Korçë,2014,9021
Qumësht dhie,Korçë,2015,8644
Qumësht dhie,Korçë,2016,9349
Qumësht dhie,Korçë,2017,9648
Qumësht dhie,Korçë,2018,9465
Qumësht dhie,Korçë,2019,8626
Qumësht dhie,Korçë,2020,8586
Qumësht dhie,Korçë,2021,8090
Qumësht dhie,Korçë,2022,8104
Qumësht dhie,Korçë,2023,6855
Qumësht dhie,Kukës,2004,4194
Qumësht dhie,Kukës,2005,3964
Qumësht dhie,Kukës,2006,3721
Qumësht dhie,Kukës,2007,3454
Qumësht dhie,Kukës,2008,2716
Qumësht dhie,Kukës,2009,2202
Qumësht dhie,Kukës,2010,2201
Qumësht dhie,Kukës,2011,2109
Qumësht dhie,Kukës,2012,2256
Qumësht dhie,Kukës,2013,2719
Qumësht dhie,Kukës,2014,2786
Qumësht dhie,Kukës,2015,2656
Qumësht dhie,Kukës,2016,3070
Qumësht dhie,Kukës,2017,2865
Qumësht dhie,Kukës,2018,2854
Qumësht dhie,Kukës,2019,1822
Qumësht dhie,Kukës,2020,1964
Qumësht dhie,Kukës,2021,2065
Qumësht dhie,Kukës,2022,1975
Qumësht dhie,Kukës,2023,1300
Qumësht dhie,Lezhë,2004,3230
Qumësht dhie,Lezhë,2005,3412
Qumësht dhie,Lezhë,2006,4001
Qumësht dhie,Lezhë,2007,4456
Qumësht dhie,Lezhë,2008,4236
Qumësht dhie,Lezhë,2009,3822
Qumësht dhie,Lezhë,2010,3820
Qumësht dhie,Lezhë,2011,3850
Qumësht dhie,Lezhë,2012,3765
Qumësht dhie,Lezhë,2013,4129
Qumësht dhie,Lezhë,2014,5018
Qumësht dhie,Lezhë,2015,4894
Qumësht dhie,Lezhë,2016,4911
Qumësht dhie,Lezhë,2017,4861
Qumësht dhie,Lezhë,2018,4874
Qumësht dhie,Lezhë,2019,4863
Qumësht dhie,Lezhë,2020,4401
Qumësht dhie,Lezhë,2021,4413
Qumësht dhie,Lezhë,2022,4416
Qumësht dhie,Lezhë,2023,4673
Qumësht dhie,Shkodër,2004,5603
Qumësht dhie,Shkodër,2005,5430
Qumësht dhie,Shkodër,2006,5707
Qumësht dhie,Shkodër,2007,5814
Qumësht dhie,Shkodër,2008,5945
Qumësht dhie,Shkodër,2009,5118
Qumësht dhie,Shkodër,2010,5161
Qumësht dhie,Shkodër,2011,5128
Qumësht dhie,Shkodër,2012,5181
Qumësht dhie,Shkodër,2013,5968
Qumësht dhie,Shkodër,2014,5650
Qumësht dhie,Shkodër,2015,5849
Qumësht dhie,Shkodër,2016,6865
Qumësht dhie,Shkodër,2017,6824
Qumësht dhie,Shkodër,2018,6627
Qumësht dhie,Shkodër,2019,6323
Qumësht dhie,Shkodër,2020,6373
Qumësht dhie,Shkodër,2021,6689
Qumësht dhie,Shkodër,2022,6351
Qumësht dhie,Shkodër,2023,5105
Qumësht dhie,Tiranë,2004,3138
Qumësht dhie,Tiranë,2005,3137
Qumësht dhie,Tiranë,2006,3197
Qumësht dhie,Tiranë,2007,3265
Qumësht dhie,Tiranë,2008,2897
Qumësht dhie,Tiranë,2009,2387
Qumësht dhie,Tiranë,2010,2817
Qumësht dhie,Tiranë,2011,3355
Qumësht dhie,Tiranë,2012,3540
Qumësht dhie,Tiranë,2013,4228
Qumësht dhie,Tiranë,2014,4680
Qumësht dhie,Tiranë,2015,4583
Qumësht dhie,Tiranë,2016,5319
Qumësht dhie,Tiranë,2017,5592
Qumësht dhie,Tiranë,2018,5324
Qumësht dhie,Tiranë,2019,5253
Qumësht dhie,Tiranë,2020,5129
Qumësht dhie,Tiranë,2021,5150
Qumësht dhie,Tiranë,2022,3541
Qumësht dhie,Tiranë,2023,3497
Qumësht dhie,Vlorë,2004,9644
Qumësht dhie,Vlorë,2005,9482
Qumësht dhie,Vlorë,2006,8860
Qumësht dhie,Vlorë,2007,9835
Qumësht dhie,Vlorë,2008,8852
Qumësht dhie,Vlorë,2009,8432
Qumësht dhie,Vlorë,2010,8130
Qumësht dhie,Vlorë,2011,7643
Qumësht dhie,Vlorë,2012,7607
Qumësht dhie,Vlorë,2013,9150
Qumësht dhie,Vlorë,2014,8971
Qumësht dhie,Vlorë,2015,9889
Qumësht dhie,Vlorë,2016,10000
Qumësht dhie,Vlorë,2017,10081
Qumësht dhie,Vlorë,2018,10248
Qumësht dhie,Vlorë,2019,10769
Qumësht dhie,Vlorë,2020,12110
Qumësht dhie,Vlorë,2021,12171
Qumësht dhie,Vlorë,2022,14717
Qumësht dhie,Vlorë,2023,14717
Mish gjedhi,Berat,2004,5431
Mish gjedhi,Berat,2005,5419
Mish gjedhi,Berat,2006,5614
Mish gjedhi,Berat,2007,6737
Mish gjedhi,Berat,2008,6341
Mish gjedhi,Berat,2009,4683
Mish gjedhi,Berat,2010,4260
Mish gjedhi,Berat,2011,4274
Mish gjedhi,Berat,2012,4307
Mish gjedhi,Berat,2013,4972
Mish gjedhi,Berat,2014,4181
Mish gjedhi,Berat,2015,4082
Mish gjedhi,Berat,2016,4159
Mish gjedhi,Berat,2017,3999
Mish gjedhi,Berat,2018,3750
Mish gjedhi,Berat,2019,3699
Mish gjedhi,Berat,2020,3367
Mish gjedhi,Berat,2021,3428
Mish gjedhi,Berat,2022,3152
Mish gjedhi,Berat,2023,3263
Mish gjedhi,Dibër,2004,4655
Mish gjedhi,Dibër,2005,4275
Mish gjedhi,Dibër,2006,3924
Mish gjedhi,Dibër,2007,4709
Mish gjedhi,Dibër,2008,3947
Mish gjedhi,Dibër,2009,3526
Mish gjedhi,Dibër,2010,4997
Mish gjedhi,Dibër,2011,5028
Mish gjedhi,Dibër,2012,5172
Mish gjedhi,Dibër,2013,5172
Mish gjedhi,Dibër,2014,5346
Mish gjedhi,Dibër,2015,5212
Mish gjedhi,Dibër,2016,5597
Mish gjedhi,Dibër,2017,5524
Mish gjedhi,Dibër,2018,5400
Mish gjedhi,Dibër,2019,5118
Mish gjedhi,Dibër,2020,5926
Mish gjedhi,Dibër,2021,5980
Mish gjedhi,Dibër,2022,5736
Mish gjedhi,Dibër,2023,5333
Mish gjedhi,Durrës,2004,5140
Mish gjedhi,Durrës,2005,5472
Mish gjedhi,Durrës,2006,3241
Mish gjedhi,Durrës,2007,3890
Mish gjedhi,Durrës,2008,3938
Mish gjedhi,Durrës,2009,4091
Mish gjedhi,Durrës,2010,4259
Mish gjedhi,Durrës,2011,4400
Mish gjedhi,Durrës,2012,4463
Mish gjedhi,Durrës,2013,4463
Mish gjedhi,Durrës,2014,4684
Mish gjedhi,Durrës,2015,4087
Mish gjedhi,Durrës,2016,4868
Mish gjedhi,Durrës,2017,4740
Mish gjedhi,Durrës,2018,4552
Mish gjedhi,Durrës,2019,4695
Mish gjedhi,Durrës,2020,4345
Mish gjedhi,Durrës,2021,4350
Mish gjedhi,Durrës,2022,3329
Mish gjedhi,Durrës,2023,1971
Mish gjedhi,Elbasan,2004,8158
Mish gjedhi,Elbasan,2005,8725
Mish gjedhi,Elbasan,2006,8992
Mish gjedhi,Elbasan,2007,10790
Mish gjedhi,Elbasan,2008,9024
Mish gjedhi,Elbasan,2009,9468
Mish gjedhi,Elbasan,2010,9654
Mish gjedhi,Elbasan,2011,9844
Mish gjedhi,Elbasan,2012,10238
Mish gjedhi,Elbasan,2013,10238
Mish gjedhi,Elbasan,2014,9360
Mish gjedhi,Elbasan,2015,8830
Mish gjedhi,Elbasan,2016,10020
Mish gjedhi,Elbasan,2017,9721
Mish gjedhi,Elbasan,2018,9879
Mish gjedhi,Elbasan,2019,9426
Mish gjedhi,Elbasan,2020,7905
Mish gjedhi,Elbasan,2021,6655
Mish gjedhi,Elbasan,2022,6607
Mish gjedhi,Elbasan,2023,6229
Mish gjedhi,Fier,2004,9191
Mish gjedhi,Fier,2005,10207
Mish gjedhi,Fier,2006,11051
Mish gjedhi,Fier,2007,13261
Mish gjedhi,Fier,2008,10404
Mish gjedhi,Fier,2009,10741
Mish gjedhi,Fier,2010,10764
Mish gjedhi,Fier,2011,10603
Mish gjedhi,Fier,2012,11199
Mish gjedhi,Fier,2013,11199
Mish gjedhi,Fier,2014,11881
Mish gjedhi,Fier,2015,11634
Mish gjedhi,Fier,2016,13012
Mish gjedhi,Fier,2017,12254
Mish gjedhi,Fier,2018,12038
Mish gjedhi,Fier,2019,12386
Mish gjedhi,Fier,2020,11352
Mish gjedhi,Fier,2021,10739
Mish gjedhi,Fier,2022,9918
Mish gjedhi,Fier,2023,9704
Mish gjedhi,Gjirokastër,2004,1759
Mish gjedhi,Gjirokastër,2005,1973
Mish gjedhi,Gjirokastër,2006,2260
Mish gjedhi,Gjirokastër,2007,2712
Mish gjedhi,Gjirokastër,2008,1522
Mish gjedhi,Gjirokastër,2009,1589
Mish gjedhi,Gjirokastër,2010,1659
Mish gjedhi,Gjirokastër,2011,1747
Mish gjedhi,Gjirokastër,2012,1815
Mish gjedhi,Gjirokastër,2013,1815
Mish gjedhi,Gjirokastër,2014,2057
Mish gjedhi,Gjirokastër,2015,1962
Mish gjedhi,Gjirokastër,2016,1879
Mish gjedhi,Gjirokastër,2017,2157
Mish gjedhi,Gjirokastër,2018,1994
Mish gjedhi,Gjirokastër,2019,1950
Mish gjedhi,Gjirokastër,2020,1411
Mish gjedhi,Gjirokastër,2021,1587
Mish gjedhi,Gjirokastër,2022,1366
Mish gjedhi,Gjirokastër,2023,1466
Mish gjedhi,Korçë,2004,6103
Mish gjedhi,Korçë,2005,6471
Mish gjedhi,Korçë,2006,7674
Mish gjedhi,Korçë,2007,9209
Mish gjedhi,Korçë,2008,6584
Mish gjedhi,Korçë,2009,6570
Mish gjedhi,Korçë,2010,6713
Mish gjedhi,Korçë,2011,6901
Mish gjedhi,Korçë,2012,6488
Mish gjedhi,Korçë,2013,6488
Mish gjedhi,Korçë,2014,7294
Mish gjedhi,Korçë,2015,8108
Mish gjedhi,Korçë,2016,7699
Mish gjedhi,Korçë,2017,7509
Mish gjedhi,Korçë,2018,7012
Mish gjedhi,Korçë,2019,6424
Mish gjedhi,Korçë,2020,6512
Mish gjedhi,Korçë,2021,6116
Mish gjedhi,Korçë,2022,6116
Mish gjedhi,Korçë,2023,7106
Mish gjedhi,Kukës,2004,3871
Mish gjedhi,Kukës,2005,4372
Mish gjedhi,Kukës,2006,5082
Mish gjedhi,Kukës,2007,6099
Mish gjedhi,Kukës,2008,4201
Mish gjedhi,Kukës,2009,4525
Mish gjedhi,Kukës,2010,5522
Mish gjedhi,Kukës,2011,5497
Mish gjedhi,Kukës,2012,5155
Mish gjedhi,Kukës,2013,5155
Mish gjedhi,Kukës,2014,5287
Mish gjedhi,Kukës,2015,5155
Mish gjedhi,Kukës,2016,5141
Mish gjedhi,Kukës,2017,4711
Mish gjedhi,Kukës,2018,4070
Mish gjedhi,Kukës,2019,3299
Mish gjedhi,Kukës,2020,3424
Mish gjedhi,Kukës,2021,3460
Mish gjedhi,Kukës,2022,3380
Mish gjedhi,Kukës,2023,3650
Mish gjedhi,Lezhë,2004,3314
Mish gjedhi,Lezhë,2005,3066
Mish gjedhi,Lezhë,2006,3417
Mish gjedhi,Lezhë,2007,4101
Mish gjedhi,Lezhë,2008,3177
Mish gjedhi,Lezhë,2009,2950
Mish gjedhi,Lezhë,2010,2970
Mish gjedhi,Lezhë,2011,3046
Mish gjedhi,Lezhë,2012,3110
Mish gjedhi,Lezhë,2013,3110
Mish gjedhi,Lezhë,2014,3324
Mish gjedhi,Lezhë,2015,2830
Mish gjedhi,Lezhë,2016,3501
Mish gjedhi,Lezhë,2017,3351
Mish gjedhi,Lezhë,2018,3149
Mish gjedhi,Lezhë,2019,3121
Mish gjedhi,Lezhë,2020,2876
Mish gjedhi,Lezhë,2021,2696
Mish gjedhi,Lezhë,2022,2695
Mish gjedhi,Lezhë,2023,2712
Mish gjedhi,Shkodër,2004,8278
Mish gjedhi,Shkodër,2005,8014
Mish gjedhi,Shkodër,2006,7834
Mish gjedhi,Shkodër,2007,9401
Mish gjedhi,Shkodër,2008,6887
Mish gjedhi,Shkodër,2009,7221
Mish gjedhi,Shkodër,2010,6247
Mish gjedhi,Shkodër,2011,6400
Mish gjedhi,Shkodër,2012,6419
Mish gjedhi,Shkodër,2013,6419
Mish gjedhi,Shkodër,2014,5348
Mish gjedhi,Shkodër,2015,5028
Mish gjedhi,Shkodër,2016,4849
Mish gjedhi,Shkodër,2017,4648
Mish gjedhi,Shkodër,2018,4324
Mish gjedhi,Shkodër,2019,4135
Mish gjedhi,Shkodër,2020,3532
Mish gjedhi,Shkodër,2021,3431
Mish gjedhi,Shkodër,2022,3513
Mish gjedhi,Shkodër,2023,3480
Mish gjedhi,Tiranë,2004,6380
Mish gjedhi,Tiranë,2005,7114
Mish gjedhi,Tiranë,2006,7270
Mish gjedhi,Tiranë,2007,8724
Mish gjedhi,Tiranë,2008,6836
Mish gjedhi,Tiranë,2009,7159
Mish gjedhi,Tiranë,2010,7185
Mish gjedhi,Tiranë,2011,7165
Mish gjedhi,Tiranë,2012,6801
Mish gjedhi,Tiranë,2013,6801
Mish gjedhi,Tiranë,2014,7247
Mish gjedhi,Tiranë,2015,9927
Mish gjedhi,Tiranë,2016,4868
Mish gjedhi,Tiranë,2017,7198
Mish gjedhi,Tiranë,2018,6415
Mish gjedhi,Tiranë,2019,5591
Mish gjedhi,Tiranë,2020,5639
Mish gjedhi,Tiranë,2021,5665
Mish gjedhi,Tiranë,2022,5401
Mish gjedhi,Tiranë,2023,5204
Mish gjedhi,Vlorë,2004,3881
Mish gjedhi,Vlorë,2005,3013
Mish gjedhi,Vlorë,2006,3131
Mish gjedhi,Vlorë,2007,3757
Mish gjedhi,Vlorë,2008,3447
Mish gjedhi,Vlorë,2009,3704
Mish gjedhi,Vlorë,2010,3727
Mish gjedhi,Vlorë,2011,3811
Mish gjedhi,Vlorë,2012,3869
Mish gjedhi,Vlorë,2013,3869
Mish gjedhi,Vlorë,2014,4493
Mish gjedhi,Vlorë,2015,4546
Mish gjedhi,Vlorë,2016,6544
Mish gjedhi,Vlorë,2017,6442
Mish gjedhi,Vlorë,2018,6246
Mish gjedhi,Vlorë,2019,6273
Mish gjedhi,Vlorë,2020,6050
Mish gjedhi,Vlorë,2021,6049
Mish gjedhi,Vlorë,2022,4681
Mish gjedhi,Vlorë,2023,5041
Mish të imtash,Berat,2004,3367
Mish të imtash,Berat,2005,3737
Mish të imtash,Berat,2006,3832
Mish të imtash,Berat,2007,4096
Mish të imtash,Berat,2008,3454
Mish të imtash,Berat,2009,3644
Mish të imtash,Berat,2010,3489
Mish të imtash,Berat,2011,3520
Mish të imtash,Berat,2012,3555
Mish të imtash,Berat,2013,3972
Mish të imtash,Berat,2014,3824
Mish të imtash,Berat,2015,3718
Mish të imtash,Berat,2016,4052
Mish të imtash,Berat,2017,3691
Mish të imtash,Berat,2018,4050
Mish të imtash,Berat,2019,3784
Mish të imtash,Berat,2020,3549
Mish të imtash,Berat,2021,4342
Mish të imtash,Berat,2022,3856
Mish të imtash,Berat,2023,3749
Mish të imtash,Dibër,2004,3914
Mish të imtash,Dibër,2005,4221
Mish të imtash,Dibër,2006,3114
Mish të imtash,Dibër,2007,3395
Mish të imtash,Dibër,2008,3072
Mish të imtash,Dibër,2009,2236
Mish të imtash,Dibër,2010,2610
Mish të imtash,Dibër,2011,3026
Mish të imtash,Dibër,2012,3111
Mish të imtash,Dibër,2013,3111
Mish të imtash,Dibër,2014,3385
Mish të imtash,Dibër,2015,3300
Mish të imtash,Dibër,2016,3341
Mish të imtash,Dibër,2017,2989
Mish të imtash,Dibër,2018,3400
Mish të imtash,Dibër,2019,3530
Mish të imtash,Dibër,2020,2836
Mish të imtash,Dibër,2021,2723
Mish të imtash,Dibër,2022,2656
Mish të imtash,Dibër,2023,2113
Mish të imtash,Durrës,2004,1065
Mish të imtash,Durrës,2005,1112
Mish të imtash,Durrës,2006,901
Mish të imtash,Durrës,2007,1041
Mish të imtash,Durrës,2008,1336
Mish të imtash,Durrës,2009,1406
Mish të imtash,Durrës,2010,1211
Mish të imtash,Durrës,2011,1300
Mish të imtash,Durrës,2012,1454
Mish të imtash,Durrës,2013,1475
Mish të imtash,Durrës,2014,1494
Mish të imtash,Durrës,2015,1479
Mish të imtash,Durrës,2016,1516
Mish të imtash,Durrës,2017,1197
Mish të imtash,Durrës,2018,1532
Mish të imtash,Durrës,2019,1650
Mish të imtash,Durrës,2020,1402
Mish të imtash,Durrës,2021,1425
Mish të imtash,Durrës,2022,1443
Mish të imtash,Durrës,2023,1087
Mish të imtash,Elbasan,2004,4412
Mish të imtash,Elbasan,2005,4326
Mish të imtash,Elbasan,2006,4422
Mish të imtash,Elbasan,2007,4862
Mish të imtash,Elbasan,2008,4832
Mish të imtash,Elbasan,2009,5227
Mish të imtash,Elbasan,2010,5554
Mish të imtash,Elbasan,2011,5733
Mish të imtash,Elbasan,2012,5900
Mish të imtash,Elbasan,2013,5958
Mish të imtash,Elbasan,2014,5929
Mish të imtash,Elbasan,2015,5855
Mish të imtash,Elbasan,2016,5949
Mish të imtash,Elbasan,2017,5692
Mish të imtash,Elbasan,2018,6117
Mish të imtash,Elbasan,2019,5866
Mish të imtash,Elbasan,2020,6087
Mish të imtash,Elbasan,2021,5156
Mish të imtash,Elbasan,2022,4978
Mish të imtash,Elbasan,2023,4638
Mish të imtash,Fier,2004,3309
Mish të imtash,Fier,2005,3385
Mish të imtash,Fier,2006,3646
Mish të imtash,Fier,2007,4795
Mish të imtash,Fier,2008,4167
Mish të imtash,Fier,2009,4325
Mish të imtash,Fier,2010,3971
Mish të imtash,Fier,2011,4201
Mish të imtash,Fier,2012,4713
Mish të imtash,Fier,2013,4611
Mish të imtash,Fier,2014,5112
Mish të imtash,Fier,2015,7427
Mish të imtash,Fier,2016,5429
Mish të imtash,Fier,2017,5501
Mish të imtash,Fier,2018,5908
Mish të imtash,Fier,2019,5780
Mish të imtash,Fier,2020,5645
Mish të imtash,Fier,2021,6006
Mish të imtash,Fier,2022,5637
Mish të imtash,Fier,2023,4740
Mish të imtash,Gjirokastër,2004,5875
Mish të imtash,Gjirokastër,2005,5798
Mish të imtash,Gjirokastër,2006,6410
Mish të imtash,Gjirokastër,2007,5065
Mish të imtash,Gjirokastër,2008,4753
Mish të imtash,Gjirokastër,2009,4877
Mish të imtash,Gjirokastër,2010,4427
Mish të imtash,Gjirokastër,2011,4949
Mish të imtash,Gjirokastër,2012,5160
Mish të imtash,Gjirokastër,2013,5448
Mish të imtash,Gjirokastër,2014,5633
Mish të imtash,Gjirokastër,2015,5978
Mish të imtash,Gjirokastër,2016,6028
Mish të imtash,Gjirokastër,2017,6189
Mish të imtash,Gjirokastër,2018,6632
Mish të imtash,Gjirokastër,2019,6679
Mish të imtash,Gjirokastër,2020,5344
Mish të imtash,Gjirokastër,2021,4925
Mish të imtash,Gjirokastër,2022,4518
Mish të imtash,Gjirokastër,2023,4540
Mish të imtash,Korçë,2004,4275
Mish të imtash,Korçë,2005,4402
Mish të imtash,Korçë,2006,5625
Mish të imtash,Korçë,2007,6020
Mish të imtash,Korçë,2008,5514
Mish të imtash,Korçë,2009,5737
Mish të imtash,Korçë,2010,5680
Mish të imtash,Korçë,2011,6677
Mish të imtash,Korçë,2012,7548
Mish të imtash,Korçë,2013,7843
Mish të imtash,Korçë,2014,7132
Mish të imtash,Korçë,2015,6829
Mish të imtash,Korçë,2016,7044
Mish të imtash,Korçë,2017,6614
Mish të imtash,Korçë,2018,6847
Mish të imtash,Korçë,2019,6427
Mish të imtash,Korçë,2020,6462
Mish të imtash,Korçë,2021,6288
Mish të imtash,Korçë,2022,6248
Mish të imtash,Korçë,2023,5731
Mish të imtash,Kukës,2004,1756
Mish të imtash,Kukës,2005,1705
Mish të imtash,Kukës,2006,1720
Mish të imtash,Kukës,2007,2622
Mish të imtash,Kukës,2008,1682
Mish të imtash,Kukës,2009,1816
Mish të imtash,Kukës,2010,2012
Mish të imtash,Kukës,2011,2042
Mish të imtash,Kukës,2012,2130
Mish të imtash,Kukës,2013,2290
Mish të imtash,Kukës,2014,2208
Mish të imtash,Kukës,2015,2925
Mish të imtash,Kukës,2016,2259
Mish të imtash,Kukës,2017,2134
Mish të imtash,Kukës,2018,2185
Mish të imtash,Kukës,2019,1260
Mish të imtash,Kukës,2020,1360
Mish të imtash,Kukës,2021,1390
Mish të imtash,Kukës,2022,1235
Mish të imtash,Kukës,2023,1037
Mish të imtash,Lezhë,2004,808
Mish të imtash,Lezhë,2005,875
Mish të imtash,Lezhë,2006,747
Mish të imtash,Lezhë,2007,958
Mish të imtash,Lezhë,2008,1167
Mish të imtash,Lezhë,2009,1180
Mish të imtash,Lezhë,2010,1220
Mish të imtash,Lezhë,2011,1262
Mish të imtash,Lezhë,2012,1318
Mish të imtash,Lezhë,2013,1361
Mish të imtash,Lezhë,2014,1352
Mish të imtash,Lezhë,2015,1377
Mish të imtash,Lezhë,2016,1340
Mish të imtash,Lezhë,2017,926
Mish të imtash,Lezhë,2018,1292
Mish të imtash,Lezhë,2019,1305
Mish të imtash,Lezhë,2020,1282
Mish të imtash,Lezhë,2021,1286
Mish të imtash,Lezhë,2022,1287
Mish të imtash,Lezhë,2023,1398
Mish të imtash,Shkodër,2004,2635
Mish të imtash,Shkodër,2005,2550
Mish të imtash,Shkodër,2006,2463
Mish të imtash,Shkodër,2007,2112
Mish të imtash,Shkodër,2008,2050
Mish të imtash,Shkodër,2009,2054
Mish të imtash,Shkodër,2010,2247
Mish të imtash,Shkodër,2011,2246
Mish të imtash,Shkodër,2012,2266
Mish të imtash,Shkodër,2013,2554
Mish të imtash,Shkodër,2014,2660
Mish të imtash,Shkodër,2015,2711
Mish të imtash,Shkodër,2016,2812
Mish të imtash,Shkodër,2017,2378
Mish të imtash,Shkodër,2018,2584
Mish të imtash,Shkodër,2019,2458
Mish të imtash,Shkodër,2020,2494
Mish të imtash,Shkodër,2021,2545
Mish të imtash,Shkodër,2022,2418
Mish të imtash,Shkodër,2023,2143
Mish të imtash,Tiranë,2004,1755
Mish të imtash,Tiranë,2005,1943
Mish të imtash,Tiranë,2006,2133
Mish të imtash,Tiranë,2007,2141
Mish të imtash,Tiranë,2008,1804
Mish të imtash,Tiranë,2009,1660
Mish të imtash,Tiranë,2010,1784
Mish të imtash,Tiranë,2011,1881
Mish të imtash,Tiranë,2012,2020
Mish të imtash,Tiranë,2013,2320
Mish të imtash,Tiranë,2014,2612
Mish të imtash,Tiranë,2015,2587
Mish të imtash,Tiranë,2016,2631
Mish të imtash,Tiranë,2017,2317
Mish të imtash,Tiranë,2018,2437
Mish të imtash,Tiranë,2019,2239
Mish të imtash,Tiranë,2020,1931
Mish të imtash,Tiranë,2021,1902
Mish të imtash,Tiranë,2022,1375
Mish të imtash,Tiranë,2023,1480
Mish të imtash,Vlorë,2004,8532
Mish të imtash,Vlorë,2005,6885
Mish të imtash,Vlorë,2006,8517
Mish të imtash,Vlorë,2007,8369
Mish të imtash,Vlorë,2008,8837
Mish të imtash,Vlorë,2009,9554
Mish të imtash,Vlorë,2010,9596
Mish të imtash,Vlorë,2011,8442
Mish të imtash,Vlorë,2012,8479
Mish të imtash,Vlorë,2013,8027
Mish të imtash,Vlorë,2014,8160
Mish të imtash,Vlorë,2015,8353
Mish të imtash,Vlorë,2016,8226
Mish të imtash,Vlorë,2017,12385
Mish të imtash,Vlorë,2018,12918
Mish të imtash,Vlorë,2019,13117
Mish të imtash,Vlorë,2020,13256
Mish të imtash,Vlorë,2021,11995
Mish të imtash,Vlorë,2022,12538
Mish të imtash,Vlorë,2023,12786
Mish derri,Berat,2004,376
Mish derri,Berat,2005,451
Mish derri,Berat,2006,314
Mish derri,Berat,2007,347
Mish derri,Berat,2008,385
Mish derri,Berat,2009,385
Mish derri,Berat,2010,370
Mish derri,Berat,2011,380
Mish derri,Berat,2012,375
Mish derri,Berat,2013,375
Mish derri,Berat,2014,286
Mish derri,Berat,2015,269
Mish derri,Berat,2016,297
Mish derri,Berat,2017,321
Mish derri,Berat,2018,263
Mish derri,Berat,2019,252
Mish derri,Berat,2020,227
Mish derri,Berat,2021,218
Mish derri,Berat,2022,215
Mish derri,Berat,2023,172
Mish derri,Dibër,2004,134
Mish derri,Dibër,2005,231
Mish derri,Dibër,2006,226
Mish derri,Dibër,2007,193
Mish derri,Dibër,2008,295
Mish derri,Dibër,2009,559
Mish derri,Dibër,2010,183
Mish derri,Dibër,2011,319
Mish derri,Dibër,2012,364
Mish derri,Dibër,2013,364
Mish derri,Dibër,2014,334
Mish derri,Dibër,2015,281
Mish derri,Dibër,2016,294
Mish derri,Dibër,2017,299
Mish derri,Dibër,2018,300
Mish derri,Dibër,2019,270
Mish derri,Dibër,2020,286
Mish derri,Dibër,2021,280
Mish derri,Dibër,2022,113
Mish derri,Dibër,2023,17
Mish derri,Durrës,2004,722
Mish derri,Durrës,2005,806
Mish derri,Durrës,2006,537
Mish derri,Durrës,2007,493
Mish derri,Durrës,2008,605
Mish derri,Durrës,2009,647
Mish derri,Durrës,2010,680
Mish derri,Durrës,2011,650
Mish derri,Durrës,2012,707
Mish derri,Durrës,2013,692
Mish derri,Durrës,2014,720
Mish derri,Durrës,2015,639
Mish derri,Durrës,2016,725
Mish derri,Durrës,2017,752
Mish derri,Durrës,2018,709
Mish derri,Durrës,2019,669
Mish derri,Durrës,2020,937
Mish derri,Durrës,2021,950
Mish derri,Durrës,2022,954
Mish derri,Durrës,2023,97
Mish derri,Elbasan,2004,362
Mish derri,Elbasan,2005,472
Mish derri,Elbasan,2006,502
Mish derri,Elbasan,2007,615
Mish derri,Elbasan,2008,377
Mish derri,Elbasan,2009,592
Mish derri,Elbasan,2010,503
Mish derri,Elbasan,2011,536
Mish derri,Elbasan,2012,590
Mish derri,Elbasan,2013,584
Mish derri,Elbasan,2014,497
Mish derri,Elbasan,2015,436
Mish derri,Elbasan,2016,497
Mish derri,Elbasan,2017,513
Mish derri,Elbasan,2018,500
Mish derri,Elbasan,2019,475
Mish derri,Elbasan,2020,425
Mish derri,Elbasan,2021,439
Mish derri,Elbasan,2022,391
Mish derri,Elbasan,2023,377
Mish derri,Fier,2004,1543
Mish derri,Fier,2005,1697
Mish derri,Fier,2006,1886
Mish derri,Fier,2007,2514
Mish derri,Fier,2008,1983
Mish derri,Fier,2009,2160
Mish derri,Fier,2010,2373
Mish derri,Fier,2011,2350
Mish derri,Fier,2012,2174
Mish derri,Fier,2013,2077
Mish derri,Fier,2014,2713
Mish derri,Fier,2015,3193
Mish derri,Fier,2016,2954
Mish derri,Fier,2017,3059
Mish derri,Fier,2018,3200
Mish derri,Fier,2019,3297
Mish derri,Fier,2020,3915
Mish derri,Fier,2021,4520
Mish derri,Fier,2022,4438
Mish derri,Fier,2023,3775
Mish derri,Gjirokastër,2004,268
Mish derri,Gjirokastër,2005,243
Mish derri,Gjirokastër,2006,268
Mish derri,Gjirokastër,2007,331
Mish derri,Gjirokastër,2008,513
Mish derri,Gjirokastër,2009,179
Mish derri,Gjirokastër,2010,160
Mish derri,Gjirokastër,2011,226
Mish derri,Gjirokastër,2012,249
Mish derri,Gjirokastër,2013,154
Mish derri,Gjirokastër,2014,327
Mish derri,Gjirokastër,2015,91
Mish derri,Gjirokastër,2016,71
Mish derri,Gjirokastër,2017,115
Mish derri,Gjirokastër,2018,109
Mish derri,Gjirokastër,2019,119
Mish derri,Gjirokastër,2020,108
Mish derri,Gjirokastër,2021,58
Mish derri,Gjirokastër,2022,64
Mish derri,Gjirokastër,2023,83
Mish derri,Korçë,2004,531
Mish derri,Korçë,2005,817
Mish derri,Korçë,2006,802
Mish derri,Korçë,2007,1219
Mish derri,Korçë,2008,1238
Mish derri,Korçë,2009,985
Mish derri,Korçë,2010,1004
Mish derri,Korçë,2011,1133
Mish derri,Korçë,2012,1117
Mish derri,Korçë,2013,1086
Mish derri,Korçë,2014,1037
Mish derri,Korçë,2015,948
Mish derri,Korçë,2016,707
Mish derri,Korçë,2017,763
Mish derri,Korçë,2018,866
Mish derri,Korçë,2019,870
Mish derri,Korçë,2020,874
Mish derri,Korçë,2021,827
Mish derri,Korçë,2022,722
Mish derri,Korçë,2023,152
Mish derri,Kukës,2004,144
Mish derri,Kukës,2005,162
Mish derri,Kukës,2006,143
Mish derri,Kukës,2007,139
Mish derri,Kukës,2008,168
Mish derri,Kukës,2009,149
Mish derri,Kukës,2010,140
Mish derri,Kukës,2011,144
Mish derri,Kukës,2012,150
Mish derri,Kukës,2013,156
Mish derri,Kukës,2014,167
Mish derri,Kukës,2015,149
Mish derri,Kukës,2016,166
Mish derri,Kukës,2017,182
Mish derri,Kukës,2018,159
Mish derri,Kukës,2019,159
Mish derri,Kukës,2020,30
Mish derri,Kukës,2021,30
Mish derri,Kukës,2022,30
Mish derri,Kukës,2023,40
Mish derri,Lezhë,2004,3616
Mish derri,Lezhë,2005,4248
Mish derri,Lezhë,2006,3974
Mish derri,Lezhë,2007,4366
Mish derri,Lezhë,2008,4099
Mish derri,Lezhë,2009,4349
Mish derri,Lezhë,2010,4370
Mish derri,Lezhë,2011,4853
Mish derri,Lezhë,2012,4952
Mish derri,Lezhë,2013,5146
Mish derri,Lezhë,2014,5354
Mish derri,Lezhë,2015,5481
Mish derri,Lezhë,2016,6001
Mish derri,Lezhë,2017,5167
Mish derri,Lezhë,2018,5166
Mish derri,Lezhë,2019,5195
Mish derri,Lezhë,2020,4809
Mish derri,Lezhë,2021,4864
Mish derri,Lezhë,2022,4865
Mish derri,Lezhë,2023,4550
Mish derri,Shkodër,2004,3439
Mish derri,Shkodër,2005,4301
Mish derri,Shkodër,2006,4735
Mish derri,Shkodër,2007,3716
Mish derri,Shkodër,2008,4778
Mish derri,Shkodër,2009,4203
Mish derri,Shkodër,2010,4568
Mish derri,Shkodër,2011,4552
Mish derri,Shkodër,2012,4554
Mish derri,Shkodër,2013,4930
Mish derri,Shkodër,2014,4690
Mish derri,Shkodër,2015,4562
Mish derri,Shkodër,2016,4408
Mish derri,Shkodër,2017,4474
Mish derri,Shkodër,2018,4406
Mish derri,Shkodër,2019,3876
Mish derri,Shkodër,2020,2565
Mish derri,Shkodër,2021,2629
Mish derri,Shkodër,2022,2406
Mish derri,Shkodër,2023,2050
Mish derri,Tiranë,2004,133
Mish derri,Tiranë,2005,220
Mish derri,Tiranë,2006,213
Mish derri,Tiranë,2007,235
Mish derri,Tiranë,2008,100
Mish derri,Tiranë,2009,176
Mish derri,Tiranë,2010,152
Mish derri,Tiranë,2011,197
Mish derri,Tiranë,2012,307
Mish derri,Tiranë,2013,264
Mish derri,Tiranë,2014,284
Mish derri,Tiranë,2015,350
Mish derri,Tiranë,2016,212
Mish derri,Tiranë,2017,297
Mish derri,Tiranë,2018,262
Mish derri,Tiranë,2019,249
Mish derri,Tiranë,2020,170
Mish derri,Tiranë,2021,157
Mish derri,Tiranë,2022,30
Mish derri,Tiranë,2023,48
Mish derri,Vlorë,2004,1357
Mish derri,Vlorë,2005,1321
Mish derri,Vlorë,2006,1142
Mish derri,Vlorë,2007,1293
Mish derri,Vlorë,2008,1506
Mish derri,Vlorë,2009,1475
Mish derri,Vlorë,2010,1494
Mish derri,Vlorë,2011,1433
Mish derri,Vlorë,2012,1504
Mish derri,Vlorë,2013,1533
Mish derri,Vlorë,2014,1092
Mish derri,Vlorë,2015,400
Mish derri,Vlorë,2016,1000
Mish derri,Vlorë,2017,1059
Mish derri,Vlorë,2018,974
Mish derri,Vlorë,2019,974
Mish derri,Vlorë,2020,974
Mish derri,Vlorë,2021,974
Mish derri,Vlorë,2022,811
Mish derri,Vlorë,2023,833
Mish shpendi,Berat,2004,1822
Mish shpendi,Berat,2005,1961
Mish shpendi,Berat,2006,2090
Mish shpendi,Berat,2007,2790
Mish shpendi,Berat,2008,2452
Mish shpendi,Berat,2009,2091
Mish shpendi,Berat,2010,2202
Mish shpendi,Berat,2011,2178
Mish shpendi,Berat,2012,2139
Mish shpendi,Berat,2013,2239
Mish shpendi,Berat,2014,2338
Mish shpendi,Berat,2015,2109
Mish shpendi,Berat,2016,2154
Mish shpendi,Berat,2017,2241
Mish shpendi,Berat,2018,2159
Mish shpendi,Berat,2019,2019
Mish shpendi,Berat,2020,1938
Mish shpendi,Berat,2021,1956
Mish shpendi,Berat,2022,1898
Mish shpendi,Berat,2023,1733
Mish shpendi,Dibër,2004,323
Mish shpendi,Dibër,2005,388
Mish shpendi,Dibër,2006,231
Mish shpendi,Dibër,2007,384
Mish shpendi,Dibër,2008,448
Mish shpendi,Dibër,2009,396
Mish shpendi,Dibër,2010,537
Mish shpendi,Dibër,2011,483
Mish shpendi,Dibër,2012,477
Mish shpendi,Dibër,2013,477
Mish shpendi,Dibër,2014,546
Mish shpendi,Dibër,2015,1613
Mish shpendi,Dibër,2016,465
Mish shpendi,Dibër,2017,519
Mish shpendi,Dibër,2018,482
Mish shpendi,Dibër,2019,461
Mish shpendi,Dibër,2020,499
Mish shpendi,Dibër,2021,512
Mish shpendi,Dibër,2022,423
Mish shpendi,Dibër,2023,527
Mish shpendi,Durrës,2004,713
Mish shpendi,Durrës,2005,780
Mish shpendi,Durrës,2006,807
Mish shpendi,Durrës,2007,393
Mish shpendi,Durrës,2008,434
Mish shpendi,Durrës,2009,447
Mish shpendi,Durrës,2010,590
Mish shpendi,Durrës,2011,568
Mish shpendi,Durrës,2012,723
Mish shpendi,Durrës,2013,895
Mish shpendi,Durrës,2014,1004
Mish shpendi,Durrës,2015,959
Mish shpendi,Durrës,2016,777
Mish shpendi,Durrës,2017,1089
Mish shpendi,Durrës,2018,1314
Mish shpendi,Durrës,2019,1472
Mish shpendi,Durrës,2020,1917
Mish shpendi,Durrës,2021,2015
Mish shpendi,Durrës,2022,1226
Mish shpendi,Durrës,2023,3540
Mish shpendi,Elbasan,2004,859
Mish shpendi,Elbasan,2005,855
Mish shpendi,Elbasan,2006,900
Mish shpendi,Elbasan,2007,1278
Mish shpendi,Elbasan,2008,1256
Mish shpendi,Elbasan,2009,1106
Mish shpendi,Elbasan,2010,1417
Mish shpendi,Elbasan,2011,1329
Mish shpendi,Elbasan,2012,1367
Mish shpendi,Elbasan,2013,1466
Mish shpendi,Elbasan,2014,1327
Mish shpendi,Elbasan,2015,974
Mish shpendi,Elbasan,2016,1345
Mish shpendi,Elbasan,2017,1451
Mish shpendi,Elbasan,2018,1393
Mish shpendi,Elbasan,2019,1307
Mish shpendi,Elbasan,2020,1613
Mish shpendi,Elbasan,2021,1694
Mish shpendi,Elbasan,2022,1709
Mish shpendi,Elbasan,2023,1624
Mish shpendi,Fier,2004,3095
Mish shpendi,Fier,2005,3125
Mish shpendi,Fier,2006,3612
Mish shpendi,Fier,2007,4817
Mish shpendi,Fier,2008,5842
Mish shpendi,Fier,2009,7464
Mish shpendi,Fier,2010,5376
Mish shpendi,Fier,2011,5523
Mish shpendi,Fier,2012,4560
Mish shpendi,Fier,2013,5355
Mish shpendi,Fier,2014,6146
Mish shpendi,Fier,2015,6122
Mish shpendi,Fier,2016,7091
Mish shpendi,Fier,2017,8481
Mish shpendi,Fier,2018,8476
Mish shpendi,Fier,2019,8832
Mish shpendi,Fier,2020,9595
Mish shpendi,Fier,2021,9696
Mish shpendi,Fier,2022,9697
Mish shpendi,Fier,2023,9702
Mish shpendi,Gjirokastër,2004,120
Mish shpendi,Gjirokastër,2005,259
Mish shpendi,Gjirokastër,2006,209
Mish shpendi,Gjirokastër,2007,455
Mish shpendi,Gjirokastër,2008,161
Mish shpendi,Gjirokastër,2009,179
Mish shpendi,Gjirokastër,2010,226
Mish shpendi,Gjirokastër,2011,234
Mish shpendi,Gjirokastër,2012,177
Mish shpendi,Gjirokastër,2013,118
Mish shpendi,Gjirokastër,2014,130
Mish shpendi,Gjirokastër,2015,122
Mish shpendi,Gjirokastër,2016,159
Mish shpendi,Gjirokastër,2017,236
Mish shpendi,Gjirokastër,2018,175
Mish shpendi,Gjirokastër,2019,177
Mish shpendi,Gjirokastër,2020,170
Mish shpendi,Gjirokastër,2021,141
Mish shpendi,Gjirokastër,2022,153
Mish shpendi,Gjirokastër,2023,73
Mish shpendi,Korçë,2004,248
Mish shpendi,Korçë,2005,349
Mish shpendi,Korçë,2006,499
Mish shpendi,Korçë,2007,777
Mish shpendi,Korçë,2008,1038
Mish shpendi,Korçë,2009,1542
Mish shpendi,Korçë,2010,1787
Mish shpendi,Korçë,2011,1855
Mish shpendi,Korçë,2012,2000
Mish shpendi,Korçë,2013,1872
Mish shpendi,Korçë,2014,1416
Mish shpendi,Korçë,2015,1112
Mish shpendi,Korçë,2016,776
Mish shpendi,Korçë,2017,499
Mish shpendi,Korçë,2018,413
Mish shpendi,Korçë,2019,413
Mish shpendi,Korçë,2020,442
Mish shpendi,Korçë,2021,469
Mish shpendi,Korçë,2022,519
Mish shpendi,Korçë,2023,519
Mish shpendi,Kukës,2004,167
Mish shpendi,Kukës,2005,169
Mish shpendi,Kukës,2006,130
Mish shpendi,Kukës,2007,141
Mish shpendi,Kukës,2008,170
Mish shpendi,Kukës,2009,127
Mish shpendi,Kukës,2010,210
Mish shpendi,Kukës,2011,186
Mish shpendi,Kukës,2012,185
Mish shpendi,Kukës,2013,159
Mish shpendi,Kukës,2014,137
Mish shpendi,Kukës,2015,97
Mish shpendi,Kukës,2016,179
Mish shpendi,Kukës,2017,252
Mish shpendi,Kukës,2018,153
Mish shpendi,Kukës,2019,153
Mish shpendi,Kukës,2020,126
Mish shpendi,Kukës,2021,128
Mish shpendi,Kukës,2022,120
Mish shpendi,Kukës,2023,99
Mish shpendi,Lezhë,2004,241
Mish shpendi,Lezhë,2005,208
Mish shpendi,Lezhë,2006,255
Mish shpendi,Lezhë,2007,308
Mish shpendi,Lezhë,2008,415
Mish shpendi,Lezhë,2009,271
Mish shpendi,Lezhë,2010,389
Mish shpendi,Lezhë,2011,338
Mish shpendi,Lezhë,2012,340
Mish shpendi,Lezhë,2013,346
Mish shpendi,Lezhë,2014,418
Mish shpendi,Lezhë,2015,216
Mish shpendi,Lezhë,2016,437
Mish shpendi,Lezhë,2017,708
Mish shpendi,Lezhë,2018,624
Mish shpendi,Lezhë,2019,644
Mish shpendi,Lezhë,2020,747
Mish shpendi,Lezhë,2021,752
Mish shpendi,Lezhë,2022,752
Mish shpendi,Lezhë,2023,816
Mish shpendi,Shkodër,2004,131
Mish shpendi,Shkodër,2005,250
Mish shpendi,Shkodër,2006,337
Mish shpendi,Shkodër,2007,442
Mish shpendi,Shkodër,2008,558
Mish shpendi,Shkodër,2009,641
Mish shpendi,Shkodër,2010,1133
Mish shpendi,Shkodër,2011,933
Mish shpendi,Shkodër,2012,905
Mish shpendi,Shkodër,2013,710
Mish shpendi,Shkodër,2014,607
Mish shpendi,Shkodër,2015,937
Mish shpendi,Shkodër,2016,677
Mish shpendi,Shkodër,2017,793
Mish shpendi,Shkodër,2018,736
Mish shpendi,Shkodër,2019,736
Mish shpendi,Shkodër,2020,801
Mish shpendi,Shkodër,2021,907
Mish shpendi,Shkodër,2022,663
Mish shpendi,Shkodër,2023,696
Mish shpendi,Tiranë,2004,627
Mish shpendi,Tiranë,2005,548
Mish shpendi,Tiranë,2006,684
Mish shpendi,Tiranë,2007,1133
Mish shpendi,Tiranë,2008,2896
Mish shpendi,Tiranë,2009,2498
Mish shpendi,Tiranë,2010,2722
Mish shpendi,Tiranë,2011,2973
Mish shpendi,Tiranë,2012,2930
Mish shpendi,Tiranë,2013,3030
Mish shpendi,Tiranë,2014,2972
Mish shpendi,Tiranë,2015,2621
Mish shpendi,Tiranë,2016,2664
Mish shpendi,Tiranë,2017,3096
Mish shpendi,Tiranë,2018,3241
Mish shpendi,Tiranë,2019,3246
Mish shpendi,Tiranë,2020,2592
Mish shpendi,Tiranë,2021,3207
Mish shpendi,Tiranë,2022,2870
Mish shpendi,Tiranë,2023,2653
Mish shpendi,Vlorë,2004,350
Mish shpendi,Vlorë,2005,481
Mish shpendi,Vlorë,2006,403
Mish shpendi,Vlorë,2007,538
Mish shpendi,Vlorë,2008,388
Mish shpendi,Vlorë,2009,317
Mish shpendi,Vlorë,2010,472
Mish shpendi,Vlorë,2011,478
Mish shpendi,Vlorë,2012,441
Mish shpendi,Vlorë,2013,473
Mish shpendi,Vlorë,2014,460
Mish shpendi,Vlorë,2015,419
Mish shpendi,Vlorë,2016,3000
Mish shpendi,Vlorë,2017,652
Mish shpendi,Vlorë,2018,566
Mish shpendi,Vlorë,2019,566
Mish shpendi,Vlorë,2020,608
Mish shpendi,Vlorë,2021,608
Mish shpendi,Vlorë,2022,705
Mish shpendi,Vlorë,2023,707
Vezë,Berat,2004,49664
Vezë,Berat,2005,59986
Vezë,Berat,2006,60561
Vezë,Berat,2007,62321
Vezë,Berat,2008,67903
Vezë,Berat,2009,69017
Vezë,Berat,2010,70846
Vezë,Berat,2011,73701
Vezë,Berat,2012,74276
Vezë,Berat,2013,72600
Vezë,Berat,2014,73658
Vezë,Berat,2015,69508
Vezë,Berat,2016,69508
Vezë,Berat,2017,72076
Vezë,Berat,2018,72095
Vezë,Berat,2019,74747
Vezë,Berat,2020,71887
Vezë,Berat,2021,86265
Vezë,Berat,2022,80561
Vezë,Berat,2023,70662
Vezë,Dibër,2004,40873
Vezë,Dibër,2005,47341
Vezë,Dibër,2006,30160
Vezë,Dibër,2007,30557
Vezë,Dibër,2008,34415
Vezë,Dibër,2009,33417
Vezë,Dibër,2010,31755
Vezë,Dibër,2011,33130
Vezë,Dibër,2012,34756
Vezë,Dibër,2013,34000
Vezë,Dibër,2014,32135
Vezë,Dibër,2015,32525
Vezë,Dibër,2016,32525
Vezë,Dibër,2017,32000
Vezë,Dibër,2018,29020
Vezë,Dibër,2019,33805
Vezë,Dibër,2020,35130
Vezë,Dibër,2021,38211
Vezë,Dibër,2022,37295
Vezë,Dibër,2023,37919
Vezë,Durrës,2004,275894
Vezë,Durrës,2005,246796
Vezë,Durrës,2006,249651
Vezë,Durrës,2007,233742
Vezë,Durrës,2008,252000
Vezë,Durrës,2009,260767
Vezë,Durrës,2010,273028
Vezë,Durrës,2011,284135
Vezë,Durrës,2012,296752
Vezë,Durrës,2013,282300
Vezë,Durrës,2014,280330
Vezë,Durrës,2015,277704
Vezë,Durrës,2016,277704
Vezë,Durrës,2017,239250
Vezë,Durrës,2018,241000
Vezë,Durrës,2019,269895
Vezë,Durrës,2020,272500
Vezë,Durrës,2021,273747
Vezë,Durrës,2022,157790
Vezë,Durrës,2023,283065
Vezë,Elbasan,2004,53608
Vezë,Elbasan,2005,53582
Vezë,Elbasan,2006,48097
Vezë,Elbasan,2007,57284
Vezë,Elbasan,2008,71014
Vezë,Elbasan,2009,70203
Vezë,Elbasan,2010,74030
Vezë,Elbasan,2011,79877
Vezë,Elbasan,2012,82588
Vezë,Elbasan,2013,81588
Vezë,Elbasan,2014,77559
Vezë,Elbasan,2015,77287
Vezë,Elbasan,2016,77287
Vezë,Elbasan,2017,75494
Vezë,Elbasan,2018,75812
Vezë,Elbasan,2019,76029
Vezë,Elbasan,2020,74922
Vezë,Elbasan,2021,71755
Vezë,Elbasan,2022,71805
Vezë,Elbasan,2023,70656
Vezë,Fier,2004,67539
Vezë,Fier,2005,60916
Vezë,Fier,2006,61226
Vezë,Fier,2007,65152
Vezë,Fier,2008,74712
Vezë,Fier,2009,81402
Vezë,Fier,2010,97022
Vezë,Fier,2011,97209
Vezë,Fier,2012,94564
Vezë,Fier,2013,92564
Vezë,Fier,2014,91041
Vezë,Fier,2015,88494
Vezë,Fier,2016,88494
Vezë,Fier,2017,82846
Vezë,Fier,2018,85066
Vezë,Fier,2019,86025
Vezë,Fier,2020,91598
Vezë,Fier,2021,91618
Vezë,Fier,2022,87162
Vezë,Fier,2023,87588
Vezë,Gjirokastër,2004,16563
Vezë,Gjirokastër,2005,17602
Vezë,Gjirokastër,2006,19155
Vezë,Gjirokastër,2007,15770
Vezë,Gjirokastër,2008,14607
Vezë,Gjirokastër,2009,11460
Vezë,Gjirokastër,2010,10621
Vezë,Gjirokastër,2011,12641
Vezë,Gjirokastër,2012,13276
Vezë,Gjirokastër,2013,13276
Vezë,Gjirokastër,2014,14761
Vezë,Gjirokastër,2015,12423
Vezë,Gjirokastër,2016,12423
Vezë,Gjirokastër,2017,15197
Vezë,Gjirokastër,2018,14493
Vezë,Gjirokastër,2019,14123
Vezë,Gjirokastër,2020,13829
Vezë,Gjirokastër,2021,13742
Vezë,Gjirokastër,2022,11438
Vezë,Gjirokastër,2023,4444
Vezë,Korçë,2004,36282
Vezë,Korçë,2005,36962
Vezë,Korçë,2006,40049
Vezë,Korçë,2007,55598
Vezë,Korçë,2008,41470
Vezë,Korçë,2009,38202
Vezë,Korçë,2010,38329
Vezë,Korçë,2011,39837
Vezë,Korçë,2012,40227
Vezë,Korçë,2013,40227
Vezë,Korçë,2014,37630
Vezë,Korçë,2015,37645
Vezë,Korçë,2016,37645
Vezë,Korçë,2017,33874
Vezë,Korçë,2018,39870
Vezë,Korçë,2019,39285
Vezë,Korçë,2020,39394
Vezë,Korçë,2021,55274
Vezë,Korçë,2022,55157
Vezë,Korçë,2023,55153
Vezë,Kukës,2004,19552
Vezë,Kukës,2005,17146
Vezë,Kukës,2006,12896
Vezë,Kukës,2007,8327
Vezë,Kukës,2008,13180
Vezë,Kukës,2009,14458
Vezë,Kukës,2010,17531
Vezë,Kukës,2011,13769
Vezë,Kukës,2012,13971
Vezë,Kukës,2013,12800
Vezë,Kukës,2014,14350
Vezë,Kukës,2015,13074
Vezë,Kukës,2016,13074
Vezë,Kukës,2017,11846
Vezë,Kukës,2018,15017
Vezë,Kukës,2019,15017
Vezë,Kukës,2020,11716
Vezë,Kukës,2021,11940
Vezë,Kukës,2022,11835
Vezë,Kukës,2023,9370
Vezë,Lezhë,2004,22981
Vezë,Lezhë,2005,21030
Vezë,Lezhë,2006,19030
Vezë,Lezhë,2007,18106
Vezë,Lezhë,2008,19866
Vezë,Lezhë,2009,18653
Vezë,Lezhë,2010,18950
Vezë,Lezhë,2011,19724
Vezë,Lezhë,2012,19692
Vezë,Lezhë,2013,18200
Vezë,Lezhë,2014,19450
Vezë,Lezhë,2015,18428
Vezë,Lezhë,2016,18428
Vezë,Lezhë,2017,22006
Vezë,Lezhë,2018,22114
Vezë,Lezhë,2019,22133
Vezë,Lezhë,2020,24115
Vezë,Lezhë,2021,24158
Vezë,Lezhë,2022,24220
Vezë,Lezhë,2023,27915
Vezë,Shkodër,2004,70866
Vezë,Shkodër,2005,71335
Vezë,Shkodër,2006,71875
Vezë,Shkodër,2007,76026
Vezë,Shkodër,2008,87600
Vezë,Shkodër,2009,82424
Vezë,Shkodër,2010,96700
Vezë,Shkodër,2011,96151
Vezë,Shkodër,2012,109153
Vezë,Shkodër,2013,84920
Vezë,Shkodër,2014,102166
Vezë,Shkodër,2015,102146
Vezë,Shkodër,2016,102146
Vezë,Shkodër,2017,103005
Vezë,Shkodër,2018,104170
Vezë,Shkodër,2019,104170
Vezë,Shkodër,2020,99806
Vezë,Shkodër,2021,108165
Vezë,Shkodër,2022,108213
Vezë,Shkodër,2023,109103
Vezë,Tiranë,2004,71720
Vezë,Tiranë,2005,56047
Vezë,Tiranë,2006,58635
Vezë,Tiranë,2007,63329
Vezë,Tiranë,2008,72532
Vezë,Tiranë,2009,76321
Vezë,Tiranë,2010,61029
Vezë,Tiranë,2011,52479
Vezë,Tiranë,2012,60145
Vezë,Tiranë,2013,60145
Vezë,Tiranë,2014,54450
Vezë,Tiranë,2015,56285
Vezë,Tiranë,2016,56285
Vezë,Tiranë,2017,64304
Vezë,Tiranë,2018,69650
Vezë,Tiranë,2019,70080
Vezë,Tiranë,2020,66004
Vezë,Tiranë,2021,63864
Vezë,Tiranë,2022,65559
Vezë,Tiranë,2023,56219
Vezë,Vlorë,2004,54538
Vezë,Vlorë,2005,48825
Vezë,Vlorë,2006,44734
Vezë,Vlorë,2007,49493
Vezë,Vlorë,2008,53278
Vezë,Vlorë,2009,54738
Vezë,Vlorë,2010,56238
Vezë,Vlorë,2011,55064
Vezë,Vlorë,2012,47531
Vezë,Vlorë,2013,37380
Vezë,Vlorë,2014,37693
Vezë,Vlorë,2015,44480
Vezë,Vlorë,2016,44480
Vezë,Vlorë,2017,59190
Vezë,Vlorë,2018,59201
Vezë,Vlorë,2019,59201
Vezë,Vlorë,2020,60116
Vezë,Vlorë,2021,60116
Vezë,Vlorë,2022,65438
Vezë,Vlorë,2023,82170
Lesh,Berat,2004,228
Lesh,Berat,2005,247
Lesh,Berat,2006,244
Lesh,Berat,2007,235
Lesh,Berat,2008,198
Lesh,Berat,2009,281
Lesh,Berat,2010,286
Lesh,Berat,2011,284
Lesh,Berat,2012,228
Lesh,Berat,2013,270
Lesh,Berat,2014,289
Lesh,Berat,2015,268
Lesh,Berat,2016,310
Lesh,Berat,2017,286
Lesh,Berat,2018,269
Lesh,Berat,2019,252
Lesh,Berat,2020,231
Lesh,Berat,2021,199
Lesh,Berat,2022,197
Lesh,Berat,2023,196
Lesh,Dibër,2004,255
Lesh,Dibër,2005,253
Lesh,Dibër,2006,220
Lesh,Dibër,2007,199
Lesh,Dibër,2008,133
Lesh,Dibër,2009,188
Lesh,Dibër,2010,166
Lesh,Dibër,2011,169
Lesh,Dibër,2012,169
Lesh,Dibër,2013,161
Lesh,Dibër,2014,210
Lesh,Dibër,2015,195
Lesh,Dibër,2016,238
Lesh,Dibër,2017,217
Lesh,Dibër,2018,215
Lesh,Dibër,2019,235
Lesh,Dibër,2020,161
Lesh,Dibër,2021,148
Lesh,Dibër,2022,143
Lesh,Dibër,2023,130
Lesh,Durrës,2004,62
Lesh,Durrës,2005,72
Lesh,Durrës,2006,59
Lesh,Durrës,2007,57
Lesh,Durrës,2008,71
Lesh,Durrës,2009,98
Lesh,Durrës,2010,100
Lesh,Durrës,2011,100
Lesh,Durrës,2012,101
Lesh,Durrës,2013,92
Lesh,Durrës,2014,104
Lesh,Durrës,2015,91
Lesh,Durrës,2016,107
Lesh,Durrës,2017,99
Lesh,Durrës,2018,99
Lesh,Durrës,2019,99
Lesh,Durrës,2020,99
Lesh,Durrës,2021,99
Lesh,Durrës,2022,99
Lesh,Durrës,2023,94
Lesh,Elbasan,2004,319
Lesh,Elbasan,2005,303
Lesh,Elbasan,2006,289
Lesh,Elbasan,2007,639
Lesh,Elbasan,2008,236
Lesh,Elbasan,2009,366
Lesh,Elbasan,2010,396
Lesh,Elbasan,2011,409
Lesh,Elbasan,2012,380
Lesh,Elbasan,2013,393
Lesh,Elbasan,2014,391
Lesh,Elbasan,2015,358
Lesh,Elbasan,2016,441
Lesh,Elbasan,2017,422
Lesh,Elbasan,2018,422
Lesh,Elbasan,2019,398
Lesh,Elbasan,2020,379
Lesh,Elbasan,2021,330
Lesh,Elbasan,2022,267
Lesh,Elbasan,2023,233
Lesh,Fier,2004,336
Lesh,Fier,2005,339
Lesh,Fier,2006,337
Lesh,Fier,2007,383
Lesh,Fier,2008,1424
Lesh,Fier,2009,407
Lesh,Fier,2010,391
Lesh,Fier,2011,403
Lesh,Fier,2012,390
Lesh,Fier,2013,419
Lesh,Fier,2014,413
Lesh,Fier,2015,791
Lesh,Fier,2016,369
Lesh,Fier,2017,495
Lesh,Fier,2018,499
Lesh,Fier,2019,497
Lesh,Fier,2020,385
Lesh,Fier,2021,345
Lesh,Fier,2022,304
Lesh,Fier,2023,277
Lesh,Gjirokastër,2004,425
Lesh,Gjirokastër,2005,504
Lesh,Gjirokastër,2006,484
Lesh,Gjirokastër,2007,357
Lesh,Gjirokastër,2008,251
Lesh,Gjirokastër,2009,334
Lesh,Gjirokastër,2010,373
Lesh,Gjirokastër,2011,366
Lesh,Gjirokastër,2012,384
Lesh,Gjirokastër,2013,337
Lesh,Gjirokastër,2014,351
Lesh,Gjirokastër,2015,331
Lesh,Gjirokastër,2016,379
Lesh,Gjirokastër,2017,360
Lesh,Gjirokastër,2018,395
Lesh,Gjirokastër,2019,350
Lesh,Gjirokastër,2020,254
Lesh,Gjirokastër,2021,214
Lesh,Gjirokastër,2022,215
Lesh,Gjirokastër,2023,218
Lesh,Korçë,2004,425
Lesh,Korçë,2005,393
Lesh,Korçë,2006,376
Lesh,Korçë,2007,607
Lesh,Korçë,2008,291
Lesh,Korçë,2009,411
Lesh,Korçë,2010,392
Lesh,Korçë,2011,428
Lesh,Korçë,2012,305
Lesh,Korçë,2013,357
Lesh,Korçë,2014,313
Lesh,Korçë,2015,289
Lesh,Korçë,2016,356
Lesh,Korçë,2017,320
Lesh,Korçë,2018,379
Lesh,Korçë,2019,364
Lesh,Korçë,2020,348
Lesh,Korçë,2021,334
Lesh,Korçë,2022,334
Lesh,Korçë,2023,330
Lesh,Kukës,2004,194
Lesh,Kukës,2005,230
Lesh,Kukës,2006,186
Lesh,Kukës,2007,126
Lesh,Kukës,2008,85
Lesh,Kukës,2009,98
Lesh,Kukës,2010,78
Lesh,Kukës,2011,123
Lesh,Kukës,2012,132
Lesh,Kukës,2013,119
Lesh,Kukës,2014,135
Lesh,Kukës,2015,104
Lesh,Kukës,2016,16
Lesh,Kukës,2017,116
Lesh,Kukës,2018,115
Lesh,Kukës,2019,63
Lesh,Kukës,2020,64
Lesh,Kukës,2021,64
Lesh,Kukës,2022,54
Lesh,Kukës,2023,49
Lesh,Lezhë,2004,54
Lesh,Lezhë,2005,73
Lesh,Lezhë,2006,67
Lesh,Lezhë,2007,227
Lesh,Lezhë,2008,52
Lesh,Lezhë,2009,57
Lesh,Lezhë,2010,56
Lesh,Lezhë,2011,57
Lesh,Lezhë,2012,61
Lesh,Lezhë,2013,52
Lesh,Lezhë,2014,70
Lesh,Lezhë,2015,63
Lesh,Lezhë,2016,71
Lesh,Lezhë,2017,65
Lesh,Lezhë,2018,67
Lesh,Lezhë,2019,66
Lesh,Lezhë,2020,65
Lesh,Lezhë,2021,65
Lesh,Lezhë,2022,65
Lesh,Lezhë,2023,60
Lesh,Shkodër,2004,168
Lesh,Shkodër,2005,173
Lesh,Shkodër,2006,164
Lesh,Shkodër,2007,145
Lesh,Shkodër,2008,116
Lesh,Shkodër,2009,153
Lesh,Shkodër,2010,154
Lesh,Shkodër,2011,152
Lesh,Shkodër,2012,153
Lesh,Shkodër,2013,136
Lesh,Shkodër,2014,138
Lesh,Shkodër,2015,122
Lesh,Shkodër,2016,132
Lesh,Shkodër,2017,121
Lesh,Shkodër,2018,116
Lesh,Shkodër,2019,111
Lesh,Shkodër,2020,107
Lesh,Shkodër,2021,96
Lesh,Shkodër,2022,105
Lesh,Shkodër,2023,98
Lesh,Tiranë,2004,118
Lesh,Tiranë,2005,114
Lesh,Tiranë,2006,109
Lesh,Tiranë,2007,204
Lesh,Tiranë,2008,73
Lesh,Tiranë,2009,104
Lesh,Tiranë,2010,97
Lesh,Tiranë,2011,109
Lesh,Tiranë,2012,102
Lesh,Tiranë,2013,122
Lesh,Tiranë,2014,155
Lesh,Tiranë,2015,143
Lesh,Tiranë,2016,255
Lesh,Tiranë,2017,162
Lesh,Tiranë,2018,148
Lesh,Tiranë,2019,139
Lesh,Tiranë,2020,119
Lesh,Tiranë,2021,120
Lesh,Tiranë,2022,74
Lesh,Tiranë,2023,88
Lesh,Vlorë,2004,671
Lesh,Vlorë,2005,658
Lesh,Vlorë,2006,628
Lesh,Vlorë,2007,660
Lesh,Vlorë,2008,502
Lesh,Vlorë,2009,718
Lesh,Vlorë,2010,770
Lesh,Vlorë,2011,759
Lesh,Vlorë,2012,594
Lesh,Vlorë,2013,626
Lesh,Vlorë,2014,540
Lesh,Vlorë,2015,577
Lesh,Vlorë,2016,758
Lesh,Vlorë,2017,460
Lesh,Vlorë,2018,607
Lesh,Vlorë,2019,607
Lesh,Vlorë,2020,619
Lesh,Vlorë,2021,619
Lesh,Vlorë,2022,671
Lesh,Vlorë,2023,671
Mjaltë,Berat,2004,70
Mjaltë,Berat,2005,55
Mjaltë,Berat,2006,42
Mjaltë,Berat,2007,73
Mjaltë,Berat,2008,129
Mjaltë,Berat,2009,140
Mjaltë,Berat,2010,188
Mjaltë,Berat,2011,121
Mjaltë,Berat,2012,146
Mjaltë,Berat,2013,146
Mjaltë,Berat,2014,177
Mjaltë,Berat,2015,184
Mjaltë,Berat,2016,208
Mjaltë,Berat,2017,180
Mjaltë,Berat,2018,196
Mjaltë,Berat,2019,208
Mjaltë,Berat,2020,214
Mjaltë,Berat,2021,233
Mjaltë,Berat,2022,235
Mjaltë,Berat,2023,379
Mjaltë,Dibër,2004,108
Mjaltë,Dibër,2005,136
Mjaltë,Dibër,2006,153
Mjaltë,Dibër,2007,99
Mjaltë,Dibër,2008,116
Mjaltë,Dibër,2009,128
Mjaltë,Dibër,2010,128
Mjaltë,Dibër,2011,178
Mjaltë,Dibër,2012,118
Mjaltë,Dibër,2013,118
Mjaltë,Dibër,2014,134
Mjaltë,Dibër,2015,98
Mjaltë,Dibër,2016,140
Mjaltë,Dibër,2017,122
Mjaltë,Dibër,2018,135
Mjaltë,Dibër,2019,172
Mjaltë,Dibër,2020,198
Mjaltë,Dibër,2021,227
Mjaltë,Dibër,2022,261
Mjaltë,Dibër,2023,335
Mjaltë,Durrës,2004,53
Mjaltë,Durrës,2005,60
Mjaltë,Durrës,2006,72
Mjaltë,Durrës,2007,73
Mjaltë,Durrës,2008,76
Mjaltë,Durrës,2009,94
Mjaltë,Durrës,2010,118
Mjaltë,Durrës,2011,115
Mjaltë,Durrës,2012,135
Mjaltë,Durrës,2013,137
Mjaltë,Durrës,2014,120
Mjaltë,Durrës,2015,110
Mjaltë,Durrës,2016,129
Mjaltë,Durrës,2017,119
Mjaltë,Durrës,2018,125
Mjaltë,Durrës,2019,129
Mjaltë,Durrës,2020,136
Mjaltë,Durrës,2021,140
Mjaltë,Durrës,2022,147
Mjaltë,Durrës,2023,173
Mjaltë,Elbasan,2004,164
Mjaltë,Elbasan,2005,173
Mjaltë,Elbasan,2006,173
Mjaltë,Elbasan,2007,138
Mjaltë,Elbasan,2008,196
Mjaltë,Elbasan,2009,242
Mjaltë,Elbasan,2010,303
Mjaltë,Elbasan,2011,321
Mjaltë,Elbasan,2012,366
Mjaltë,Elbasan,2013,365
Mjaltë,Elbasan,2014,329
Mjaltë,Elbasan,2015,316
Mjaltë,Elbasan,2016,374
Mjaltë,Elbasan,2017,368
Mjaltë,Elbasan,2018,396
Mjaltë,Elbasan,2019,436
Mjaltë,Elbasan,2020,458
Mjaltë,Elbasan,2021,547
Mjaltë,Elbasan,2022,571
Mjaltë,Elbasan,2023,662
Mjaltë,Fier,2004,108
Mjaltë,Fier,2005,84
Mjaltë,Fier,2006,105
Mjaltë,Fier,2007,195
Mjaltë,Fier,2008,131
Mjaltë,Fier,2009,141
Mjaltë,Fier,2010,161
Mjaltë,Fier,2011,178
Mjaltë,Fier,2012,195
Mjaltë,Fier,2013,213
Mjaltë,Fier,2014,255
Mjaltë,Fier,2015,376
Mjaltë,Fier,2016,321
Mjaltë,Fier,2017,306
Mjaltë,Fier,2018,324
Mjaltë,Fier,2019,331
Mjaltë,Fier,2020,364
Mjaltë,Fier,2021,408
Mjaltë,Fier,2022,503
Mjaltë,Fier,2023,618
Mjaltë,Gjirokastër,2004,236
Mjaltë,Gjirokastër,2005,129
Mjaltë,Gjirokastër,2006,173
Mjaltë,Gjirokastër,2007,159
Mjaltë,Gjirokastër,2008,273
Mjaltë,Gjirokastër,2009,295
Mjaltë,Gjirokastër,2010,299
Mjaltë,Gjirokastër,2011,251
Mjaltë,Gjirokastër,2012,297
Mjaltë,Gjirokastër,2013,282
Mjaltë,Gjirokastër,2014,366
Mjaltë,Gjirokastër,2015,139
Mjaltë,Gjirokastër,2016,375
Mjaltë,Gjirokastër,2017,179
Mjaltë,Gjirokastër,2018,342
Mjaltë,Gjirokastër,2019,402
Mjaltë,Gjirokastër,2020,214
Mjaltë,Gjirokastër,2021,130
Mjaltë,Gjirokastër,2022,227
Mjaltë,Gjirokastër,2023,299
Mjaltë,Korçë,2004,240
Mjaltë,Korçë,2005,190
Mjaltë,Korçë,2006,290
Mjaltë,Korçë,2007,304
Mjaltë,Korçë,2008,369
Mjaltë,Korçë,2009,380
Mjaltë,Korçë,2010,408
Mjaltë,Korçë,2011,405
Mjaltë,Korçë,2012,405
Mjaltë,Korçë,2013,499
Mjaltë,Korçë,2014,441
Mjaltë,Korçë,2015,708
Mjaltë,Korçë,2016,705
Mjaltë,Korçë,2017,668
Mjaltë,Korçë,2018,601
Mjaltë,Korçë,2019,631
Mjaltë,Korçë,2020,605
Mjaltë,Korçë,2021,738
Mjaltë,Korçë,2022,844
Mjaltë,Korçë,2023,844
Mjaltë,Kukës,2004,164
Mjaltë,Kukës,2005,242
Mjaltë,Kukës,2006,203
Mjaltë,Kukës,2007,143
Mjaltë,Kukës,2008,163
Mjaltë,Kukës,2009,200
Mjaltë,Kukës,2010,121
Mjaltë,Kukës,2011,176
Mjaltë,Kukës,2012,129
Mjaltë,Kukës,2013,253
Mjaltë,Kukës,2014,257
Mjaltë,Kukës,2015,216
Mjaltë,Kukës,2016,247
Mjaltë,Kukës,2017,234
Mjaltë,Kukës,2018,253
Mjaltë,Kukës,2019,232
Mjaltë,Kukës,2020,282
Mjaltë,Kukës,2021,341
Mjaltë,Kukës,2022,346
Mjaltë,Kukës,2023,358
Mjaltë,Lezhë,2004,56
Mjaltë,Lezhë,2005,71
Mjaltë,Lezhë,2006,76
Mjaltë,Lezhë,2007,52
Mjaltë,Lezhë,2008,97
Mjaltë,Lezhë,2009,95
Mjaltë,Lezhë,2010,98
Mjaltë,Lezhë,2011,94
Mjaltë,Lezhë,2012,107
Mjaltë,Lezhë,2013,110
Mjaltë,Lezhë,2014,82
Mjaltë,Lezhë,2015,95
Mjaltë,Lezhë,2016,113
Mjaltë,Lezhë,2017,129
Mjaltë,Lezhë,2018,135
Mjaltë,Lezhë,2019,138
Mjaltë,Lezhë,2020,185
Mjaltë,Lezhë,2021,189
Mjaltë,Lezhë,2022,191
Mjaltë,Lezhë,2023,199
Mjaltë,Shkodër,2004,165
Mjaltë,Shkodër,2005,167
Mjaltë,Shkodër,2006,237
Mjaltë,Shkodër,2007,173
Mjaltë,Shkodër,2008,198
Mjaltë,Shkodër,2009,243
Mjaltë,Shkodër,2010,250
Mjaltë,Shkodër,2011,200
Mjaltë,Shkodër,2012,247
Mjaltë,Shkodër,2013,184
Mjaltë,Shkodër,2014,189
Mjaltë,Shkodër,2015,259
Mjaltë,Shkodër,2016,356
Mjaltë,Shkodër,2017,344
Mjaltë,Shkodër,2018,487
Mjaltë,Shkodër,2019,486
Mjaltë,Shkodër,2020,982
Mjaltë,Shkodër,2021,913
Mjaltë,Shkodër,2022,920
Mjaltë,Shkodër,2023,525
Mjaltë,Tiranë,2004,58
Mjaltë,Tiranë,2005,75
Mjaltë,Tiranë,2006,84
Mjaltë,Tiranë,2007,63
Mjaltë,Tiranë,2008,97
Mjaltë,Tiranë,2009,115
Mjaltë,Tiranë,2010,141
Mjaltë,Tiranë,2011,172
Mjaltë,Tiranë,2012,175
Mjaltë,Tiranë,2013,166
Mjaltë,Tiranë,2014,167
Mjaltë,Tiranë,2015,180
Mjaltë,Tiranë,2016,232
Mjaltë,Tiranë,2017,243
Mjaltë,Tiranë,2018,269
Mjaltë,Tiranë,2019,277
Mjaltë,Tiranë,2020,286
Mjaltë,Tiranë,2021,294
Mjaltë,Tiranë,2022,331
Mjaltë,Tiranë,2023,427
Mjaltë,Vlorë,2004,571
Mjaltë,Vlorë,2005,434
Mjaltë,Vlorë,2006,506
Mjaltë,Vlorë,2007,575
Mjaltë,Vlorë,2008,671
Mjaltë,Vlorë,2009,672
Mjaltë,Vlorë,2010,672
Mjaltë,Vlorë,2011,687
Mjaltë,Vlorë,2012,680
Mjaltë,Vlorë,2013,544
Mjaltë,Vlorë,2014,634
Mjaltë,Vlorë,2015,520
Mjaltë,Vlorë,2016,724
Mjaltë,Vlorë,2017,722
Mjaltë,Vlorë,2018,674
Mjaltë,Vlorë,2019,674
Mjaltë,Vlorë,2020,675
Mjaltë,Vlorë,2021,675
Mjaltë,Vlorë,2022,814
Mjaltë,Vlorë,2023,814
